date_id,ville_id,source_id,temperature_2m_min,temperature_2m_max,temp_mean,precipitation_sum,id
1,1,1,11.9,15.4,13.65,2.2,1
2,1,1,6.4,13.7,10.05,7.2,2
3,1,1,5.7,9.8,7.75,2.3,3
4,1,1,9.8,13.1,11.45,2.1,4
5,1,1,11.2,13.7,12.45,0.4,5
6,1,1,9.5,12.9,11.2,0.0,6
7,1,1,6.2,11.1,8.65,1.4,7
8,1,1,6.7,10.5,8.6,4.2,8
9,1,1,5.3,8.2,6.75,0.8,9
10,1,1,4.0,12.1,8.05,3.1,10
11,1,1,8.9,12.4,10.65,9.0,11
12,1,1,9.6,12.0,10.8,0.6,12
13,1,1,7.1,11.0,9.05,2.1,13
14,1,1,8.4,12.6,10.5,10.1,14
15,1,1,5.0,8.8,6.9,1.7,15
16,1,1,1.3,6.5,3.9,9.2,16
17,1,1,-0.5,3.2,1.35,3.7,17
18,1,1,-1.8,5.0,1.6,0.1,18
19,1,1,-1.1,3.4,1.15,4.1,19
20,1,1,-1.6,6.0,2.2,0.2,20
21,1,1,-1.5,3.7,1.1,0.1,21
22,1,1,-0.9,3.2,1.1500000000000001,0.0,22
23,1,1,-0.4,3.6,1.6,0.0,23
24,1,1,-1.2,3.5,1.15,0.0,24
25,1,1,0.7,2.5,1.6,0.0,25
26,1,1,0.2,4.6,2.4,0.6,26
27,1,1,3.5,4.6,4.05,0.3,27
28,1,1,-3.4,3.6,0.10000000000000009,0.0,28
29,1,1,-1.4,4.8,1.7,0.0,29
30,1,1,1.4,8.9,5.15,0.0,30
31,1,1,0.5,8.1,4.3,0.0,31
32,1,1,5.7,9.7,7.699999999999999,0.0,32
33,1,1,4.6,10.5,7.55,0.0,33
34,1,1,6.7,10.1,8.4,0.0,34
35,1,1,6.6,10.8,8.7,0.5,35
36,1,1,2.7,9.3,6.0,0.1,36
37,1,1,0.4,6.9,3.6500000000000004,0.0,37
38,1,1,-1.9,6.2,2.1500000000000004,0.0,38
39,1,1,-3.7,5.9,1.1,0.0,39
40,1,1,-5.1,6.8,0.8500000000000001,0.0,40
41,1,1,2.2,9.5,5.85,0.0,41
42,1,1,-0.6,8.7,4.05,0.0,42
43,1,1,2.9,9.2,6.05,0.0,43
44,1,1,-0.9,11.8,5.45,0.0,44
45,1,1,-0.2,11.9,5.8500000000000005,0.0,45
46,1,1,-0.8,12.8,6.0,0.0,46
47,1,1,3.8,11.5,7.65,1.3,47
48,1,1,10.6,14.7,12.649999999999999,0.3,48
49,1,1,9.2,12.4,10.8,0.1,49
50,1,1,3.6,11.9,7.75,0.0,50
51,1,1,2.5,12.0,7.25,0.0,51
52,1,1,0.7,13.9,7.3,0.0,52
53,1,1,7.2,10.5,8.85,5.6,53
54,1,1,5.4,10.0,7.7,0.0,54
55,1,1,4.6,10.4,7.5,0.0,55
56,1,1,1.5,7.8,4.65,0.0,56
57,1,1,-1.0,5.1,2.05,0.0,57
58,1,1,-1.5,6.4,2.45,0.0,58
59,1,1,-2.4,5.1,1.3499999999999999,0.0,59
60,1,1,-2.4,7.2,2.4000000000000004,0.0,60
61,1,1,-2.2,9.3,3.5500000000000003,0.0,61
62,1,1,-0.3,9.1,4.3999999999999995,0.0,62
63,1,1,-1.2,6.7,2.75,0.0,63
64,1,1,2.9,7.2,5.05,0.4,64
65,1,1,1.8,7.6,4.7,0.5,65
66,1,1,3.2,8.8,6.0,1.6,66
67,1,1,5.4,14.0,9.7,19.6,67
68,1,1,8.8,14.6,11.7,3.5,68
69,1,1,4.3,10.8,7.550000000000001,1.7,69
70,1,1,1.2,7.2,4.2,3.7,70
71,1,1,7.8,14.1,10.95,5.2,71
72,1,1,10.3,15.7,13.0,1.0,72
73,1,1,2.7,10.3,6.5,5.3,73
74,1,1,2.2,10.8,6.5,0.4,74
75,1,1,4.9,15.8,10.350000000000001,0.0,75
76,1,1,8.0,15.8,11.9,7.7,76
77,1,1,8.7,15.1,11.899999999999999,5.1,77
78,1,1,2.9,11.1,7.0,2.0,78
79,1,1,1.9,13.2,7.55,0.0,79
80,1,1,8.2,14.7,11.45,1.2,80
81,1,1,8.1,13.9,11.0,8.9,81
82,1,1,11.1,15.8,13.45,0.8,82
83,1,1,9.1,14.9,12.0,1.5,83
84,1,1,8.4,13.6,11.0,0.5,84
85,1,1,5.7,11.4,8.55,6.7,85
86,1,1,3.6,9.6,6.6,0.1,86
87,1,1,3.1,11.1,7.1,0.6,87
88,1,1,9.0,19.5,14.25,1.3,88
89,1,1,11.5,15.8,13.65,3.4,89
90,1,1,9.9,14.5,12.2,2.7,90
91,1,1,8.5,13.3,10.9,2.5,91
92,1,1,6.7,9.4,8.05,0.6,92
93,1,1,3.6,11.7,7.6499999999999995,0.0,93
94,1,1,0.7,10.7,5.699999999999999,0.0,94
95,1,1,-0.5,13.8,6.65,0.0,95
96,1,1,6.6,14.3,10.45,1.4,96
97,1,1,5.3,14.0,9.65,0.4,97
98,1,1,2.7,14.2,8.45,0.0,98
99,1,1,2.7,17.2,9.95,0.0,99
100,1,1,7.8,16.8,12.3,5.7,100
101,1,1,7.7,13.1,10.4,7.2,101
102,1,1,7.8,12.8,10.3,7.6,102
103,1,1,5.0,11.8,8.4,5.1,103
104,1,1,4.1,9.0,6.55,6.3,104
105,1,1,5.9,12.6,9.25,11.5,105
106,1,1,2.7,14.7,8.7,0.0,106
107,1,1,3.4,12.4,7.9,2.2,107
108,1,1,6.0,15.2,10.6,0.6,108
109,1,1,7.1,18.1,12.600000000000001,0.0,109
110,1,1,3.8,12.1,7.949999999999999,0.2,110
111,1,1,1.2,13.1,7.1499999999999995,0.5,111
112,1,1,5.5,17.1,11.3,7.1,112
113,1,1,8.7,14.5,11.6,6.2,113
114,1,1,6.8,14.1,10.45,5.2,114
115,1,1,5.2,11.5,8.35,0.7,115
116,1,1,4.7,11.8,8.25,1.3,116
117,1,1,6.9,18.3,12.600000000000001,1.9,117
118,1,1,11.4,20.9,16.15,5.1,118
119,1,1,8.3,15.7,12.0,0.2,119
120,1,1,7.6,17.1,12.350000000000001,0.0,120
121,1,1,9.2,15.8,12.5,3.7,121
122,1,1,7.2,17.1,12.15,0.4,122
123,1,1,6.4,19.6,13.0,0.0,123
124,1,1,10.9,22.3,16.6,1.2,124
125,1,1,12.5,18.4,15.45,4.2,125
126,1,1,11.4,20.0,15.7,10.0,126
127,1,1,11.6,18.4,15.0,12.5,127
128,1,1,10.2,18.8,14.5,0.0,128
129,1,1,11.8,16.8,14.3,17.0,129
130,1,1,9.3,16.7,13.0,6.4,130
131,1,1,8.8,16.3,12.55,6.1,131
132,1,1,8.9,15.0,11.95,1.0,132
133,1,1,10.8,20.2,15.5,12.2,133
134,1,1,8.4,18.8,13.600000000000001,0.0,134
135,1,1,8.0,15.9,11.95,4.8,135
136,1,1,5.8,15.1,10.45,0.0,136
137,1,1,6.3,16.0,11.15,0.1,137
138,1,1,6.7,17.0,11.85,0.0,138
139,1,1,7.4,19.1,13.25,0.0,139
140,1,1,11.9,19.9,15.899999999999999,0.2,140
141,1,1,12.4,21.1,16.75,0.0,141
142,1,1,11.6,21.3,16.45,0.0,142
143,1,1,10.0,18.8,14.4,0.1,143
144,1,1,7.6,19.0,13.3,0.0,144
145,1,1,10.2,20.1,15.15,0.0,145
146,1,1,9.9,21.4,15.649999999999999,0.0,146
147,1,1,11.4,23.6,17.5,0.0,147
148,1,1,12.2,25.3,18.75,0.0,148
149,1,1,13.2,23.3,18.25,0.0,149
150,1,1,11.7,21.7,16.7,0.0,150
151,1,1,11.8,25.4,18.6,0.0,151
152,1,1,13.9,26.1,20.0,0.0,152
153,1,1,9.7,20.1,14.9,0.0,153
154,1,1,10.7,24.0,17.35,0.0,154
155,1,1,13.3,25.2,19.25,0.0,155
156,1,1,13.1,25.4,19.25,0.0,156
157,1,1,12.4,25.5,18.95,0.0,157
158,1,1,13.9,27.2,20.55,0.2,158
159,1,1,14.4,27.2,20.8,0.0,159
160,1,1,15.7,29.6,22.65,0.0,160
161,1,1,17.8,27.5,22.65,0.5,161
162,1,1,18.4,24.9,21.65,25.5,162
163,1,1,16.6,26.2,21.4,1.0,163
164,1,1,15.9,28.1,22.0,0.0,164
165,1,1,13.6,28.1,20.85,0.0,165
166,1,1,14.8,27.8,21.3,0.0,166
167,1,1,14.3,29.2,21.75,0.0,167
168,1,1,17.4,30.6,24.0,0.7,168
169,1,1,18.5,29.9,24.2,2.7,169
170,1,1,15.7,24.6,20.15,1.0,170
171,1,1,17.8,26.8,22.3,1.7,171
172,1,1,16.1,27.4,21.75,4.0,172
173,1,1,16.3,23.6,19.950000000000003,19.2,173
174,1,1,13.7,26.7,20.2,0.2,174
175,1,1,15.0,27.7,21.35,0.0,175
176,1,1,16.8,31.3,24.05,0.0,176
177,1,1,15.6,23.2,19.4,0.0,177
178,1,1,13.6,24.8,19.2,0.0,178
179,1,1,15.3,25.4,20.35,0.8,179
180,1,1,18.4,25.2,21.799999999999997,0.8,180
181,1,1,15.5,24.5,20.0,0.4,181
182,1,1,16.9,23.1,20.0,2.6,182
183,1,1,13.9,23.4,18.65,0.0,183
184,1,1,15.0,24.6,19.8,0.8,184
185,1,1,12.5,22.3,17.4,4.1,185
186,1,1,11.8,21.8,16.8,0.7,186
187,1,1,12.4,25.7,19.05,0.1,187
188,1,1,14.4,30.3,22.35,0.0,188
189,1,1,20.0,32.7,26.35,0.4,189
190,1,1,19.9,27.6,23.75,7.9,190
191,1,1,16.7,28.9,22.799999999999997,0.0,191
192,1,1,17.4,31.5,24.45,0.1,192
193,1,1,16.9,24.9,20.9,3.6,193
194,1,1,16.1,24.1,20.1,0.2,194
195,1,1,14.9,30.5,22.7,0.4,195
196,1,1,18.4,25.1,21.75,1.5,196
197,1,1,15.5,24.9,20.2,0.0,197
198,1,1,13.9,24.8,19.35,0.0,198
199,1,1,13.9,28.6,21.25,0.0,199
200,1,1,16.5,24.3,20.4,0.0,200
201,1,1,13.7,25.6,19.65,0.0,201
202,1,1,15.0,24.3,19.65,2.0,202
203,1,1,13.0,25.5,19.25,0.0,203
204,1,1,17.0,23.9,20.45,6.8,204
205,1,1,16.5,23.2,19.85,19.4,205
206,1,1,13.4,20.1,16.75,10.3,206
207,1,1,12.0,23.1,17.55,0.2,207
208,1,1,17.5,22.7,20.1,17.1,208
209,1,1,17.8,24.0,20.9,7.9,209
210,1,1,16.8,23.0,19.9,5.9,210
211,1,1,14.4,22.5,18.45,0.1,211
212,1,1,16.7,22.4,19.549999999999997,8.7,212
213,1,1,15.6,21.6,18.6,1.7,213
214,1,1,16.8,23.0,19.9,23.4,214
215,1,1,15.3,18.6,16.950000000000003,5.5,215
216,1,1,13.8,20.9,17.35,3.4,216
217,1,1,12.6,19.1,15.850000000000001,7.3,217
218,1,1,13.2,19.1,16.15,0.7,218
219,1,1,12.1,21.3,16.7,0.3,219
220,1,1,14.2,22.8,18.5,0.6,220
221,1,1,16.2,23.0,19.6,0.0,221
222,1,1,13.8,25.8,19.8,0.0,222
223,1,1,17.2,27.2,22.2,3.3,223
224,1,1,17.9,25.4,21.65,4.5,224
225,1,1,15.9,23.0,19.45,0.0,225
226,1,1,15.5,26.7,21.1,2.1,226
227,1,1,16.4,23.8,20.1,0.7,227
228,1,1,15.8,25.8,20.8,0.1,228
229,1,1,16.9,27.4,22.15,0.8,229
230,1,1,17.7,31.0,24.35,0.3,230
231,1,1,18.7,26.7,22.7,7.0,231
232,1,1,17.1,29.3,23.200000000000003,0.4,232
233,1,1,16.4,27.2,21.799999999999997,0.0,233
234,1,1,16.2,29.2,22.7,0.0,234
235,1,1,17.5,30.6,24.05,0.0,235
236,1,1,19.7,26.1,22.9,18.1,236
237,1,1,15.3,22.3,18.8,23.2,237
238,1,1,14.0,21.3,17.65,0.9,238
239,1,1,12.4,21.0,16.7,1.0,239
240,1,1,13.3,20.6,16.950000000000003,1.7,240
241,1,1,11.2,20.5,15.85,1.0,241
242,1,1,12.9,19.9,16.4,2.6,242
243,1,1,12.5,18.9,15.7,16.2,243
244,1,1,16.6,23.3,19.950000000000003,3.2,244
245,1,1,15.4,27.7,21.55,1.6,245
246,1,1,17.3,29.6,23.450000000000003,0.0,246
247,1,1,16.9,29.1,23.0,0.0,247
248,1,1,17.7,32.0,24.85,0.0,248
249,1,1,17.2,31.9,24.549999999999997,0.0,249
250,1,1,14.8,30.7,22.75,0.0,250
251,1,1,18.7,33.9,26.299999999999997,0.0,251
252,1,1,19.1,33.9,26.5,0.0,252
253,1,1,20.0,33.7,26.85,0.0,253
254,1,1,18.9,26.7,22.799999999999997,1.0,254
255,1,1,16.8,20.1,18.450000000000003,20.7,255
256,1,1,16.3,21.6,18.950000000000003,1.2,256
257,1,1,13.5,23.4,18.45,0.1,257
258,1,1,12.7,26.1,19.4,0.0,258
259,1,1,13.2,24.3,18.75,0.0,259
260,1,1,17.0,24.4,20.7,8.3,260
261,1,1,15.6,23.3,19.45,8.0,261
262,1,1,13.0,21.2,17.1,0.0,262
263,1,1,16.3,23.7,20.0,0.0,263
264,1,1,13.5,20.2,16.85,18.1,264
265,1,1,11.2,16.6,13.9,8.3,265
266,1,1,9.6,17.2,13.399999999999999,0.2,266
267,1,1,7.9,19.9,13.899999999999999,0.0,267
268,1,1,9.2,22.8,16.0,0.0,268
269,1,1,12.8,23.8,18.3,0.0,269
270,1,1,12.1,25.1,18.6,0.0,270
271,1,1,15.6,21.7,18.65,0.0,271
272,1,1,11.5,21.4,16.45,0.1,272
273,1,1,9.9,21.9,15.899999999999999,0.0,273
274,1,1,12.2,25.6,18.9,0.0,274
275,1,1,13.1,27.1,20.1,0.0,275
276,1,1,12.2,21.8,17.0,6.6,276
277,1,1,9.3,18.9,14.1,0.0,277
278,1,1,9.1,19.1,14.100000000000001,0.0,278
279,1,1,8.3,21.4,14.85,0.0,279
280,1,1,9.8,23.8,16.8,0.0,280
281,1,1,10.5,25.6,18.05,0.0,281
282,1,1,10.9,24.5,17.7,0.0,282
283,1,1,9.9,27.2,18.55,0.0,283
284,1,1,12.2,24.7,18.45,0.0,284
285,1,1,16.4,22.2,19.299999999999997,5.0,285
286,1,1,17.2,25.1,21.15,0.2,286
287,1,1,9.7,17.6,13.65,0.9,287
288,1,1,6.6,13.4,10.0,0.1,288
289,1,1,4.2,13.3,8.75,0.0,289
290,1,1,4.7,16.2,10.45,0.0,290
291,1,1,11.9,19.1,15.5,7.8,291
292,1,1,14.6,21.1,17.85,7.3,292
293,1,1,12.3,17.8,15.05,10.9,293
294,1,1,10.9,15.2,13.05,8.6,294
295,1,1,7.9,16.2,12.05,1.1,295
296,1,1,8.2,11.9,10.05,5.7,296
297,1,1,11.2,16.0,13.6,2.1,297
298,1,1,11.4,14.9,13.15,12.6,298
299,1,1,11.0,15.8,13.4,16.4,299
300,1,1,9.8,15.1,12.45,4.0,300
301,1,1,10.6,15.0,12.8,10.4,301
302,1,1,11.7,16.1,13.9,0.7,302
303,1,1,9.1,13.0,11.05,8.6,303
304,1,1,8.1,14.9,11.5,0.3,304
305,1,1,11.2,13.7,12.45,3.0,305
306,1,1,8.6,13.9,11.25,2.7,306
307,1,1,5.7,10.7,8.2,0.3,307
308,1,1,7.5,14.1,10.8,12.8,308
309,1,1,9.6,13.5,11.55,1.3,309
310,1,1,7.8,13.1,10.45,1.4,310
311,1,1,6.5,12.3,9.4,0.6,311
312,1,1,6.4,12.4,9.4,4.0,312
313,1,1,7.9,12.1,10.0,9.3,313
314,1,1,6.5,11.5,9.0,0.4,314
315,1,1,5.4,11.8,8.600000000000001,0.5,315
316,1,1,6.4,13.6,10.0,10.1,316
317,1,1,11.4,17.1,14.25,8.2,317
318,1,1,10.4,13.6,12.0,2.0,318
319,1,1,8.0,12.6,10.3,1.4,319
320,1,1,7.3,10.7,9.0,15.3,320
321,1,1,5.9,11.4,8.65,1.3,321
322,1,1,8.5,14.6,11.55,15.3,322
323,1,1,11.7,15.2,13.45,0.0,323
324,1,1,9.5,12.6,11.05,8.2,324
325,1,1,8.2,12.1,10.149999999999999,0.2,325
326,1,1,4.3,9.1,6.699999999999999,0.0,326
327,1,1,7.7,13.1,10.4,0.0,327
328,1,1,2.9,11.5,7.2,0.5,328
329,1,1,2.2,7.9,5.050000000000001,0.0,329
330,1,1,-0.4,7.0,3.3,0.0,330
331,1,1,4.5,9.2,6.85,6.3,331
332,1,1,1.3,6.6,3.9499999999999997,0.1,332
333,1,1,0.7,8.4,4.55,0.0,333
334,1,1,0.0,6.4,3.2,1.1,334
335,1,1,-0.9,3.7,1.4000000000000001,0.0,335
336,1,1,-3.4,3.0,-0.19999999999999996,0.0,336
337,1,1,-2.1,4.1,0.9999999999999998,0.1,337
338,1,1,2.2,9.7,5.949999999999999,16.6,338
339,1,1,5.6,7.9,6.75,6.9,339
340,1,1,2.6,7.7,5.15,0.0,340
341,1,1,2.2,6.4,4.300000000000001,10.5,341
342,1,1,5.3,10.5,7.9,0.5,342
343,1,1,6.5,14.2,10.35,25.3,343
344,1,1,7.0,13.3,10.15,1.8,344
345,1,1,8.6,13.0,10.8,0.0,345
346,1,1,9.0,12.9,10.95,6.4,346
347,1,1,6.4,9.9,8.15,2.2,347
348,1,1,6.9,8.3,7.6000000000000005,0.2,348
349,1,1,3.9,9.5,6.7,0.8,349
350,1,1,1.2,9.8,5.5,0.0,350
351,1,1,1.2,7.2,4.2,0.0,351
352,1,1,1.0,3.8,2.4,0.0,352
353,1,1,3.8,10.0,6.9,3.2,353
354,1,1,4.8,9.8,7.300000000000001,0.0,354
355,1,1,9.5,11.9,10.7,0.8,355
356,1,1,9.3,10.9,10.100000000000001,1.1,356
357,1,1,8.0,11.8,9.9,0.4,357
358,1,1,8.3,11.3,9.8,0.2,358
359,1,1,10.6,12.7,11.649999999999999,0.0,359
360,1,1,9.5,11.5,10.5,0.5,360
361,1,1,7.3,10.3,8.8,2.1,361
362,1,1,8.3,12.1,10.2,0.0,362
363,1,1,8.2,11.4,9.8,1.3,363
364,1,1,7.6,11.7,9.649999999999999,0.1,364
365,1,1,7.4,10.7,9.05,1.8,365
366,1,1,5.8,9.9,7.85,3.6,366
367,1,1,10.0,11.8,10.9,12.5,367
368,1,1,8.6,11.9,10.25,2.1,368
369,1,1,6.6,10.5,8.55,1.3,369
370,1,1,3.6,9.1,6.35,0.0,370
371,1,1,3.3,7.4,5.35,1.7,371
372,1,1,-0.2,4.2,2.0,0.0,372
373,1,1,-3.9,-0.5,-2.2,1.0,373
374,1,1,-3.8,-1.5,-2.65,0.7,374
375,1,1,-4.0,0.8,-1.6,0.0,375
376,1,1,-2.9,1.8,-0.5499999999999999,0.0,376
377,1,1,-1.7,3.2,0.7500000000000001,0.0,377
378,1,1,-1.8,0.1,-0.85,0.0,378
379,1,1,-2.7,0.1,-1.3,0.0,379
380,1,1,-3.9,4.5,0.30000000000000004,0.4,380
381,1,1,-3.6,3.3,-0.15000000000000013,0.0,381
382,1,1,-0.9,8.9,4.0,27.0,382
383,1,1,-3.7,2.8,-0.4500000000000002,6.9,383
384,1,1,-4.8,3.6,-0.5999999999999999,0.0,384
385,1,1,-5.4,1.4,-2.0,0.0,385
386,1,1,-1.6,8.4,3.4000000000000004,0.1,386
387,1,1,7.9,12.2,10.05,6.2,387
388,1,1,6.1,13.1,9.6,0.5,388
389,1,1,9.9,13.4,11.65,0.6,389
390,1,1,9.4,13.0,11.2,1.0,390
391,1,1,1.9,12.0,6.95,1.0,391
392,1,1,-2.0,7.3,2.65,0.0,392
393,1,1,0.1,9.2,4.6499999999999995,0.0,393
394,1,1,5.5,12.7,9.1,0.0,394
395,1,1,6.7,11.1,8.9,0.0,395
396,1,1,2.5,11.3,6.9,0.0,396
397,1,1,3.5,11.3,7.4,1.1,397
398,1,1,3.4,9.1,6.25,0.0,398
399,1,1,8.6,11.1,9.85,0.0,399
400,1,1,8.7,12.0,10.35,0.0,400
401,1,1,6.1,9.0,7.55,0.0,401
402,1,1,7.4,12.2,9.8,0.0,402
403,1,1,10.4,12.2,11.3,6.2,403
404,1,1,10.5,13.5,12.0,9.7,404
405,1,1,8.7,14.1,11.399999999999999,0.8,405
406,1,1,5.7,9.9,7.800000000000001,7.4,406
407,1,1,5.5,10.4,7.95,1.1,407
408,1,1,3.4,10.5,6.95,0.8,408
409,1,1,2.5,10.7,6.6,1.9,409
410,1,1,9.5,14.7,12.1,0.5,410
411,1,1,8.6,17.0,12.8,3.6,411
412,1,1,6.5,14.0,10.25,4.4,412
413,1,1,6.4,13.7,10.05,0.0,413
414,1,1,6.4,11.6,9.0,6.2,414
415,1,1,7.9,11.5,9.7,0.6,415
416,1,1,6.8,10.7,8.75,0.0,416
417,1,1,6.7,11.1,8.9,11.8,417
418,1,1,5.0,14.2,9.6,14.6,418
419,1,1,4.1,9.0,6.55,2.2,419
420,1,1,1.9,8.8,5.3500000000000005,3.6,420
421,1,1,3.6,8.8,6.2,9.5,421
422,1,1,5.3,9.5,7.4,8.4,422
423,1,1,3.3,9.6,6.449999999999999,0.0,423
424,1,1,0.1,10.8,5.45,0.0,424
425,1,1,7.2,10.3,8.75,2.9,425
426,1,1,4.2,10.8,7.5,3.7,426
427,1,1,4.9,8.8,6.8500000000000005,12.3,427
428,1,1,2.0,8.7,5.35,2.1,428
429,1,1,0.2,11.1,5.6499999999999995,1.3,429
430,1,1,4.5,9.4,6.95,7.6,430
431,1,1,1.7,9.5,5.6,2.4,431
432,1,1,1.1,12.7,6.8999999999999995,0.0,432
433,1,1,2.5,13.5,8.0,0.0,433
434,1,1,5.9,13.5,9.7,5.2,434
435,1,1,4.3,10.5,7.4,2.4,435
436,1,1,4.0,12.0,8.0,1.6,436
437,1,1,6.7,11.5,9.1,5.2,437
438,1,1,7.9,14.2,11.05,0.0,438
439,1,1,5.5,17.4,11.45,0.0,439
440,1,1,11.2,16.0,13.6,7.6,440
441,1,1,9.3,14.6,11.95,0.0,441
442,1,1,8.9,15.4,12.15,5.3,442
443,1,1,7.6,16.1,11.850000000000001,2.7,443
444,1,1,6.7,17.1,11.9,0.0,444
445,1,1,6.0,19.1,12.55,0.0,445
446,1,1,7.4,18.0,12.7,0.0,446
447,1,1,7.1,17.5,12.3,1.2,447
448,1,1,5.0,10.8,7.9,7.2,448
449,1,1,3.3,11.3,7.300000000000001,0.8,449
450,1,1,1.6,12.8,7.2,0.0,450
451,1,1,4.9,12.4,8.65,8.0,451
452,1,1,5.3,12.4,8.85,1.3,452
453,1,1,5.5,11.9,8.7,3.5,453
454,1,1,8.3,13.2,10.75,9.6,454
455,1,1,6.2,12.0,9.1,10.3,455
456,1,1,6.1,13.9,10.0,2.4,456
457,1,1,6.6,13.6,10.1,1.7,457
458,1,1,7.5,13.8,10.65,1.5,458
459,1,1,9.9,16.0,12.95,6.6,459
460,1,1,12.2,17.9,15.049999999999999,11.3,460
461,1,1,12.2,18.0,15.1,3.3,461
462,1,1,12.6,24.0,18.3,0.2,462
463,1,1,12.2,17.0,14.6,15.2,463
464,1,1,8.2,21.3,14.75,3.8,464
465,1,1,6.7,12.4,9.55,0.9,465
466,1,1,5.0,15.7,10.35,0.0,466
467,1,1,10.7,17.7,14.2,0.5,467
468,1,1,9.6,22.1,15.850000000000001,0.0,468
469,1,1,10.3,24.1,17.200000000000003,0.0,469
470,1,1,9.6,20.0,14.8,0.1,470
471,1,1,6.7,13.4,10.05,2.7,471
472,1,1,5.8,12.9,9.35,2.8,472
473,1,1,4.1,11.8,7.95,1.3,473
474,1,1,2.7,11.9,7.300000000000001,0.7,474
475,1,1,5.7,12.3,9.0,0.8,475
476,1,1,3.4,10.2,6.8,0.1,476
477,1,1,3.1,10.5,6.8,1.7,477
478,1,1,2.5,10.5,6.5,0.6,478
479,1,1,1.1,11.2,6.1499999999999995,0.2,479
480,1,1,3.0,10.7,6.85,1.0,480
481,1,1,1.2,12.2,6.699999999999999,0.2,481
482,1,1,4.1,15.2,9.649999999999999,4.1,482
483,1,1,8.4,15.9,12.15,18.2,483
484,1,1,7.8,15.4,11.6,0.8,484
485,1,1,5.7,17.7,11.7,0.4,485
486,1,1,10.2,18.5,14.35,8.6,486
487,1,1,11.5,19.3,15.4,2.1,487
488,1,1,10.2,15.1,12.649999999999999,7.0,488
489,1,1,8.5,15.6,12.05,2.6,489
490,1,1,6.4,15.0,10.7,0.8,490
491,1,1,10.0,17.3,13.65,1.6,491
492,1,1,8.8,17.0,12.9,3.5,492
493,1,1,8.1,18.5,13.3,1.1,493
494,1,1,8.2,16.2,12.2,0.0,494
495,1,1,7.2,19.3,13.25,0.0,495
496,1,1,9.3,22.4,15.85,0.0,496
497,1,1,9.9,24.6,17.25,0.0,497
498,1,1,11.8,24.1,17.950000000000003,8.3,498
499,1,1,14.3,20.7,17.5,0.0,499
500,1,1,12.7,16.1,14.4,17.3,500
501,1,1,12.1,18.9,15.5,2.1,501
502,1,1,10.6,18.2,14.399999999999999,3.2,502
503,1,1,9.9,18.3,14.100000000000001,0.2,503
504,1,1,11.3,20.3,15.8,7.1,504
505,1,1,11.5,19.0,15.25,2.0,505
506,1,1,11.1,21.2,16.15,13.8,506
507,1,1,11.7,19.2,15.45,10.3,507
508,1,1,11.0,18.7,14.85,3.8,508
509,1,1,10.8,18.8,14.8,8.0,509
510,1,1,10.3,18.6,14.450000000000001,3.2,510
511,1,1,10.6,20.2,15.399999999999999,1.1,511
512,1,1,12.5,20.5,16.5,3.6,512
513,1,1,10.1,16.6,13.350000000000001,1.8,513
514,1,1,10.0,16.7,13.35,2.5,514
515,1,1,13.8,17.3,15.55,17.7,515
516,1,1,10.9,16.4,13.649999999999999,5.4,516
517,1,1,10.7,17.3,14.0,4.4,517
518,1,1,12.0,14.9,13.45,1.6,518
519,1,1,10.5,17.3,13.9,0.0,519
520,1,1,7.8,19.8,13.8,0.0,520
521,1,1,11.8,21.9,16.85,1.3,521
522,1,1,10.0,18.5,14.25,0.4,522
523,1,1,8.4,19.6,14.0,0.0,523
524,1,1,8.3,20.4,14.35,0.0,524
525,1,1,8.3,21.1,14.700000000000001,0.0,525
526,1,1,8.8,20.2,14.5,0.0,526
527,1,1,9.0,16.5,12.75,3.0,527
528,1,1,6.7,16.8,11.75,0.4,528
529,1,1,6.5,17.2,11.85,3.0,529
530,1,1,8.7,19.4,14.049999999999999,1.0,530
531,1,1,13.0,21.2,17.1,3.2,531
532,1,1,11.2,17.4,14.299999999999999,1.7,532
533,1,1,12.9,19.6,16.25,9.4,533
534,1,1,13.7,21.7,17.7,3.2,534
535,1,1,14.7,22.1,18.4,21.4,535
536,1,1,14.6,21.2,17.9,1.8,536
537,1,1,14.7,22.1,18.4,1.8,537
538,1,1,15.6,21.8,18.7,18.6,538
539,1,1,12.2,19.6,15.9,3.7,539
540,1,1,10.5,23.7,17.1,0.0,540
541,1,1,12.9,25.9,19.4,0.0,541
542,1,1,15.9,27.6,21.75,0.0,542
543,1,1,17.0,29.4,23.2,0.0,543
544,1,1,17.0,28.5,22.75,0.2,544
545,1,1,14.3,21.9,18.1,0.0,545
546,1,1,12.6,22.5,17.55,33.8,546
547,1,1,14.2,22.1,18.15,2.2,547
548,1,1,14.0,19.9,16.95,1.4,548
549,1,1,12.5,19.9,16.2,1.2,549
550,1,1,11.7,20.3,16.0,0.2,550
551,1,1,13.9,21.3,17.6,0.4,551
552,1,1,12.0,23.7,17.85,0.1,552
553,1,1,12.2,20.6,16.4,0.1,553
554,1,1,10.3,20.7,15.5,0.1,554
555,1,1,10.7,22.2,16.45,0.0,555
556,1,1,15.9,27.5,21.7,2.6,556
557,1,1,17.2,25.3,21.25,0.7,557
558,1,1,14.8,23.8,19.3,0.6,558
559,1,1,13.9,19.2,16.55,12.4,559
560,1,1,13.2,20.9,17.049999999999997,2.7,560
561,1,1,12.1,22.5,17.3,0.1,561
562,1,1,12.9,26.9,19.9,1.1,562
563,1,1,15.6,22.6,19.1,0.8,563
564,1,1,13.2,24.4,18.799999999999997,0.0,564
565,1,1,14.7,28.9,21.799999999999997,0.0,565
566,1,1,17.8,31.8,24.8,0.2,566
567,1,1,18.6,30.2,24.4,13.8,567
568,1,1,17.9,25.2,21.549999999999997,1.4,568
569,1,1,14.4,24.4,19.4,0.0,569
570,1,1,15.6,23.7,19.65,1.9,570
571,1,1,13.8,24.4,19.1,0.0,571
572,1,1,15.5,27.9,21.7,0.3,572
573,1,1,19.0,23.5,21.25,5.1,573
574,1,1,15.4,19.7,17.55,7.5,574
575,1,1,11.2,24.4,17.799999999999997,0.0,575
576,1,1,14.4,29.1,21.75,0.0,576
577,1,1,19.5,33.5,26.5,0.0,577
578,1,1,21.4,31.1,26.25,7.1,578
579,1,1,20.0,28.6,24.3,29.4,579
580,1,1,17.7,27.1,22.4,2.7,580
581,1,1,15.0,24.1,19.55,0.6,581
582,1,1,16.1,23.4,19.75,0.0,582
583,1,1,13.3,27.4,20.35,0.0,583
584,1,1,15.5,28.2,21.85,0.0,584
585,1,1,16.4,23.3,19.85,2.9,585
586,1,1,16.7,27.1,21.9,0.0,586
587,1,1,18.0,25.2,21.6,0.0,587
588,1,1,14.6,27.6,21.1,0.0,588
589,1,1,17.2,31.7,24.45,0.0,589
590,1,1,20.7,35.1,27.9,0.0,590
591,1,1,19.9,27.4,23.65,7.1,591
592,1,1,19.4,26.0,22.7,3.2,592
593,1,1,18.2,25.9,22.049999999999997,0.7,593
594,1,1,16.8,25.4,21.1,0.1,594
595,1,1,16.7,22.2,19.45,42.2,595
596,1,1,13.9,21.9,17.9,1.9,596
597,1,1,10.6,22.1,16.35,0.0,597
598,1,1,14.0,23.7,18.85,16.2,598
599,1,1,11.9,20.9,16.4,0.0,599
600,1,1,11.8,24.4,18.1,0.0,600
601,1,1,15.6,24.9,20.25,0.1,601
602,1,1,15.6,29.1,22.35,2.9,602
603,1,1,11.6,21.3,16.45,0.0,603
604,1,1,12.2,23.3,17.75,0.0,604
605,1,1,12.0,25.9,18.95,0.0,605
606,1,1,12.9,30.6,21.75,0.0,606
607,1,1,16.2,25.2,20.7,1.4,607
608,1,1,15.1,21.7,18.4,12.9,608
609,1,1,15.0,25.5,20.25,0.9,609
610,1,1,18.5,27.7,23.1,0.2,610
611,1,1,17.5,24.4,20.95,0.3,611
612,1,1,15.8,22.0,18.9,7.5,612
613,1,1,15.3,21.6,18.450000000000003,1.6,613
614,1,1,13.2,17.1,15.15,29.2,614
615,1,1,11.2,22.6,16.9,0.3,615
616,1,1,15.6,23.4,19.5,6.2,616
617,1,1,12.7,20.5,16.6,5.8,617
618,1,1,13.9,20.0,16.95,0.9,618
619,1,1,11.2,17.7,14.45,0.2,619
620,1,1,10.0,16.3,13.15,4.6,620
621,1,1,8.0,15.4,11.7,2.0,621
622,1,1,6.9,16.6,11.75,1.9,622
623,1,1,6.9,16.5,11.7,0.0,623
624,1,1,5.9,18.4,12.149999999999999,0.0,624
625,1,1,9.8,19.1,14.450000000000001,0.4,625
626,1,1,11.6,20.8,16.2,0.0,626
627,1,1,13.3,23.5,18.4,0.5,627
628,1,1,14.9,24.8,19.85,0.0,628
629,1,1,12.6,20.8,16.7,4.6,629
630,1,1,13.0,23.2,18.1,0.5,630
631,1,1,15.3,20.5,17.9,14.1,631
632,1,1,12.6,19.3,15.95,8.6,632
633,1,1,12.6,18.1,15.350000000000001,1.4,633
634,1,1,12.6,17.2,14.899999999999999,17.5,634
635,1,1,13.2,18.5,15.85,10.0,635
636,1,1,11.1,15.8,13.45,1.8,636
637,1,1,6.7,13.7,10.2,0.4,637
638,1,1,4.6,14.8,9.7,0.0,638
639,1,1,11.5,18.0,14.75,0.4,639
640,1,1,11.4,17.3,14.350000000000001,0.1,640
641,1,1,10.6,16.4,13.5,1.6,641
642,1,1,8.1,14.1,11.1,0.1,642
643,1,1,5.1,15.2,10.149999999999999,0.0,643
644,1,1,4.6,16.3,10.45,0.0,644
645,1,1,9.7,16.8,13.25,4.2,645
646,1,1,13.7,17.7,15.7,11.8,646
647,1,1,12.9,19.1,16.0,0.5,647
648,1,1,12.8,17.0,14.9,55.8,648
649,1,1,9.1,15.3,12.2,1.2,649
650,1,1,5.8,13.7,9.75,0.0,650
651,1,1,7.2,15.7,11.45,1.8,651
652,1,1,8.7,14.9,11.8,0.0,652
653,1,1,10.0,21.4,15.7,0.1,653
654,1,1,10.9,20.1,15.5,0.2,654
655,1,1,15.2,24.6,19.9,9.1,655
656,1,1,14.8,18.2,16.5,9.7,656
657,1,1,12.9,15.9,14.4,7.4,657
658,1,1,11.0,16.5,13.75,2.7,658
659,1,1,10.7,18.4,14.549999999999999,0.7,659
660,1,1,11.5,20.9,16.2,1.6,660
661,1,1,8.5,16.5,12.5,0.0,661
662,1,1,7.7,16.6,12.15,0.0,662
663,1,1,6.2,17.9,12.049999999999999,0.0,663
664,1,1,11.9,19.5,15.7,3.3,664
665,1,1,12.2,18.1,15.15,3.8,665
666,1,1,12.9,16.3,14.600000000000001,2.8,666
667,1,1,10.1,17.5,13.8,0.0,667
668,1,1,8.0,14.6,11.3,0.0,668
669,1,1,10.2,15.2,12.7,0.0,669
670,1,1,10.0,15.8,12.9,0.0,670
671,1,1,9.5,11.9,10.7,0.0,671
672,1,1,9.2,12.6,10.899999999999999,0.7,672
673,1,1,7.5,12.9,10.2,0.0,673
674,1,1,7.1,14.4,10.75,0.0,674
675,1,1,5.9,13.1,9.5,0.0,675
676,1,1,8.3,12.2,10.25,0.0,676
677,1,1,8.5,13.6,11.05,0.0,677
678,1,1,8.2,11.5,9.85,0.0,678
679,1,1,8.5,13.5,11.0,0.0,679
680,1,1,6.1,11.9,9.0,0.5,680
681,1,1,5.2,13.4,9.3,0.5,681
682,1,1,7.1,10.6,8.85,2.1,682
683,1,1,4.9,9.0,6.95,0.0,683
684,1,1,4.4,12.4,8.4,0.0,684
685,1,1,6.8,10.4,8.6,0.1,685
686,1,1,4.4,9.4,6.9,0.0,686
687,1,1,3.9,10.3,7.1000000000000005,1.0,687
688,1,1,6.7,10.8,8.75,6.1,688
689,1,1,5.1,12.1,8.6,22.8,689
690,1,1,1.3,6.8,4.05,2.9,690
691,1,1,-1.7,1.4,-0.15000000000000002,10.4,691
692,1,1,-2.3,3.4,0.55,0.6,692
693,1,1,1.0,12.5,6.75,0.0,693
694,1,1,12.1,17.9,15.0,0.0,694
695,1,1,8.4,17.9,13.149999999999999,9.4,695
696,1,1,7.5,11.1,9.3,2.8,696
697,1,1,7.4,13.2,10.3,8.7,697
698,1,1,3.3,8.9,6.1,0.0,698
699,1,1,1.2,8.0,4.6,0.0,699
700,1,1,0.0,6.5,3.25,0.0,700
701,1,1,1.0,11.3,6.15,0.0,701
702,1,1,6.2,12.2,9.2,0.5,702
703,1,1,2.7,8.3,5.5,1.0,703
704,1,1,2.6,7.2,4.9,0.0,704
705,1,1,4.6,13.7,9.149999999999999,5.1,705
706,1,1,7.0,12.8,9.9,1.0,706
707,1,1,5.7,11.7,8.7,7.6,707
708,1,1,5.9,8.4,7.15,5.4,708
709,1,1,4.9,6.5,5.7,1.4,709
710,1,1,4.6,6.1,5.35,0.1,710
711,1,1,4.4,5.5,4.95,0.0,711
712,1,1,3.1,4.5,3.8,0.0,712
713,1,1,-0.3,3.6,1.6500000000000001,0.0,713
714,1,1,-0.5,5.1,2.3,0.1,714
715,1,1,3.0,9.9,6.45,0.0,715
716,1,1,8.0,10.6,9.3,0.0,716
717,1,1,5.7,8.4,7.050000000000001,0.5,717
718,1,1,6.9,13.7,10.3,0.9,718
719,1,1,3.3,13.7,8.5,4.5,719
720,1,1,3.1,8.0,5.55,0.3,720
721,1,1,6.5,11.3,8.9,6.1,721
722,1,1,3.2,11.1,7.15,17.2,722
723,1,1,4.8,7.5,6.15,0.1,723
724,1,1,5.2,10.0,7.6,1.1,724
725,1,1,8.5,10.8,9.65,0.0,725
726,1,1,3.1,8.4,5.75,0.0,726
727,1,1,-1.2,5.5,2.15,0.0,727
728,1,1,-0.9,2.0,0.55,0.0,728
729,1,1,1.3,4.5,2.9,0.0,729
730,1,1,2.5,4.0,3.25,0.1,730
731,1,1,1.8,5.6,3.6999999999999997,0.0,731
732,1,1,4.1,9.0,6.55,0.2,732
733,1,1,0.2,9.6,4.8999999999999995,22.5,733
734,1,1,-1.6,4.1,1.2499999999999998,0.0,734
735,1,1,-2.9,2.2,-0.34999999999999987,8.6,735
736,1,1,3.8,13.1,8.45,10.7,736
737,1,1,5.4,12.7,9.05,1.6,737
738,1,1,3.4,6.8,5.1,4.0,738
739,1,1,3.3,12.1,7.699999999999999,15.9,739
740,1,1,2.3,10.4,6.35,5.4,740
741,1,1,0.4,5.5,2.95,0.4,741
742,1,1,-0.6,2.1,0.75,0.0,742
743,1,1,-0.7,4.0,1.65,0.0,743
744,1,1,-2.4,4.0,0.8,0.0,744
745,1,1,-3.8,2.5,-0.6499999999999999,0.0,745
746,1,1,-0.9,5.4,2.25,0.2,746
747,1,1,-0.1,5.3,2.6,0.0,747
748,1,1,-1.4,3.2,0.9000000000000001,0.0,748
749,1,1,-1.3,2.3,0.4999999999999999,0.0,749
750,1,1,-1.8,1.3,-0.25,0.2,750
751,1,1,-2.0,0.7,-0.65,0.0,751
752,1,1,-2.2,4.6,1.1999999999999997,0.0,752
753,1,1,1.6,9.4,5.5,16.4,753
754,1,1,4.6,9.0,6.8,0.5,754
755,1,1,7.6,12.2,9.899999999999999,6.5,755
756,1,1,4.5,11.8,8.15,10.2,756
757,1,1,1.0,9.9,5.45,3.7,757
758,1,1,7.7,12.5,10.1,2.3,758
759,1,1,6.7,11.2,8.95,5.3,759
760,1,1,5.3,8.4,6.85,9.7,760
761,1,1,1.6,7.9,4.75,2.9,761
762,1,1,0.9,4.8,2.85,4.8,762
763,1,1,-1.6,6.4,2.4000000000000004,0.0,763
764,1,1,-2.2,6.4,2.1,0.0,764
765,1,1,-1.9,6.0,2.05,0.0,765
766,1,1,-0.1,4.3,2.1,0.0,766
767,1,1,1.7,7.3,4.5,0.0,767
768,1,1,1.4,4.9,3.1500000000000004,0.2,768
769,1,1,2.6,6.6,4.6,1.3,769
770,1,1,3.8,7.1,5.449999999999999,1.9,770
771,1,1,3.0,7.0,5.0,5.4,771
772,1,1,3.4,6.6,5.0,8.4,772
773,1,1,1.7,6.5,4.1,0.0,773
774,1,1,1.6,5.4,3.5,0.4,774
775,1,1,2.6,6.6,4.6,0.1,775
776,1,1,-0.6,4.6,1.9999999999999998,0.0,776
777,1,1,-2.2,4.3,1.0499999999999998,0.0,777
778,1,1,-1.0,6.1,2.55,0.0,778
779,1,1,-1.5,6.4,2.45,0.0,779
780,1,1,-0.5,8.2,3.8499999999999996,0.0,780
781,1,1,0.4,10.0,5.2,0.0,781
782,1,1,7.2,13.7,10.45,1.5,782
783,1,1,9.1,15.8,12.45,0.3,783
784,1,1,7.3,12.9,10.1,5.8,784
785,1,1,4.7,14.0,9.35,0.0,785
786,1,1,7.8,12.7,10.25,3.1,786
787,1,1,6.6,8.9,7.75,18.3,787
788,1,1,3.6,10.8,7.2,2.6,788
789,1,1,3.0,9.8,6.4,0.4,789
790,1,1,2.1,8.9,5.5,0.5,790
791,1,1,0.8,7.5,4.15,0.0,791
792,1,1,0.3,10.4,5.3500000000000005,0.0,792
793,1,1,-0.6,11.2,5.3,0.0,793
794,1,1,0.6,12.7,6.6499999999999995,0.0,794
795,1,1,0.7,16.4,8.549999999999999,0.0,795
796,1,1,3.7,16.9,10.299999999999999,0.0,796
797,1,1,6.2,16.6,11.4,0.0,797
798,1,1,7.2,18.0,12.6,0.0,798
799,1,1,8.2,17.0,12.6,0.0,799
800,1,1,6.6,13.0,9.8,3.3,800
801,1,1,4.7,11.7,8.2,0.6,801
802,1,1,2.8,7.2,5.0,2.2,802
803,1,1,1.6,7.7,4.65,1.6,803
804,1,1,-0.5,6.7,3.1,0.7,804
805,1,1,1.3,8.2,4.75,0.2,805
806,1,1,2.1,10.4,6.25,0.0,806
807,1,1,0.9,11.5,6.2,0.0,807
808,1,1,1.5,12.4,6.95,0.0,808
809,1,1,5.2,17.1,11.15,0.0,809
810,1,1,5.5,18.4,11.95,0.0,810
811,1,1,9.3,19.6,14.450000000000001,3.7,811
812,1,1,10.3,16.8,13.55,8.5,812
813,1,1,7.2,13.3,10.25,1.0,813
814,1,1,5.3,15.5,10.4,0.5,814
815,1,1,7.7,13.7,10.7,0.0,815
816,1,1,7.2,14.2,10.7,0.4,816
817,1,1,3.5,14.8,9.15,0.0,817
818,1,1,3.9,12.6,8.25,2.1,818
819,1,1,5.4,13.2,9.3,1.5,819
820,1,1,5.8,15.4,10.6,0.1,820
821,1,1,5.0,13.9,9.45,0.0,821
822,1,1,4.9,14.1,9.5,0.0,822
823,1,1,6.5,16.5,11.5,0.0,823
824,1,1,7.4,20.1,13.75,0.0,824
825,1,1,10.5,22.9,16.7,0.1,825
826,1,1,9.1,23.6,16.35,0.0,826
827,1,1,8.5,17.9,13.2,0.0,827
828,1,1,4.1,16.9,10.5,0.0,828
829,1,1,4.0,18.3,11.15,0.0,829
830,1,1,5.9,18.5,12.2,0.0,830
831,1,1,5.3,16.0,10.65,0.0,831
832,1,1,5.5,21.9,13.7,0.0,832
833,1,1,8.8,21.4,15.1,4.6,833
834,1,1,10.7,17.4,14.049999999999999,1.4,834
835,1,1,7.2,19.5,13.35,0.4,835
836,1,1,9.6,18.0,13.8,2.2,836
837,1,1,8.0,14.9,11.45,0.0,837
838,1,1,6.0,16.5,11.25,0.0,838
839,1,1,6.2,19.2,12.7,0.0,839
840,1,1,8.6,20.5,14.55,2.9,840
841,1,1,10.6,16.1,13.350000000000001,6.6,841
842,1,1,10.0,14.9,12.45,2.8,842
843,1,1,7.5,16.7,12.1,0.4,843
844,1,1,8.3,14.9,11.600000000000001,9.3,844
845,1,1,9.0,16.6,12.8,1.1,845
846,1,1,7.2,15.6,11.4,0.5,846
847,1,1,8.1,18.7,13.399999999999999,0.2,847
848,1,1,10.9,20.4,15.649999999999999,0.3,848
849,1,1,9.7,24.0,16.85,0.0,849
850,1,1,10.7,26.6,18.65,0.0,850
851,1,1,12.4,29.1,20.75,0.0,851
852,1,1,14.0,30.0,22.0,0.0,852
853,1,1,15.4,29.7,22.55,0.0,853
854,1,1,14.4,24.5,19.45,9.2,854
855,1,1,9.0,16.0,12.5,1.2,855
856,1,1,6.1,14.2,10.149999999999999,0.0,856
857,1,1,6.9,15.4,11.15,0.2,857
858,1,1,7.9,15.6,11.75,0.0,858
859,1,1,8.6,18.2,13.399999999999999,0.1,859
860,1,1,9.4,20.1,14.75,0.0,860
861,1,1,9.5,23.7,16.6,0.0,861
862,1,1,13.3,24.3,18.8,4.5,862
863,1,1,13.0,19.5,16.25,1.7,863
864,1,1,10.8,20.8,15.8,6.9,864
865,1,1,11.0,25.2,18.1,0.1,865
866,1,1,8.8,18.0,13.4,0.0,866
867,1,1,8.8,20.2,14.5,0.0,867
868,1,1,9.4,18.6,14.0,0.0,868
869,1,1,8.6,20.3,14.45,0.0,869
870,1,1,8.4,23.7,16.05,0.0,870
871,1,1,12.2,25.8,19.0,0.0,871
872,1,1,11.0,16.4,13.7,14.8,872
873,1,1,8.3,18.8,13.55,0.3,873
874,1,1,8.2,18.4,13.299999999999999,0.0,874
875,1,1,8.0,20.0,14.0,0.4,875
876,1,1,13.0,20.1,16.55,2.0,876
877,1,1,10.1,18.3,14.2,0.0,877
878,1,1,11.7,19.4,15.549999999999999,0.0,878
879,1,1,13.6,21.0,17.3,3.2,879
880,1,1,11.5,24.4,17.95,0.0,880
881,1,1,13.7,29.7,21.7,0.0,881
882,1,1,16.9,29.6,23.25,4.6,882
883,1,1,15.8,23.3,19.55,8.5,883
884,1,1,13.8,22.0,17.9,0.9,884
885,1,1,11.8,24.3,18.05,0.0,885
886,1,1,13.8,20.3,17.05,2.0,886
887,1,1,12.9,18.9,15.899999999999999,8.4,887
888,1,1,14.1,20.9,17.5,5.8,888
889,1,1,13.8,19.8,16.8,4.3,889
890,1,1,11.9,18.5,15.2,3.4,890
891,1,1,10.1,22.4,16.25,0.0,891
892,1,1,12.0,24.8,18.4,0.0,892
893,1,1,13.4,28.1,20.75,0.0,893
894,1,1,17.2,31.6,24.4,0.1,894
895,1,1,20.5,33.2,26.85,6.8,895
896,1,1,19.1,27.5,23.3,0.9,896
897,1,1,15.9,23.1,19.5,0.1,897
898,1,1,12.1,26.8,19.45,0.0,898
899,1,1,15.2,29.1,22.15,0.0,899
900,1,1,16.0,29.5,22.75,0.0,900
901,1,2,16.88,19.03,17.955,0.0,901
1,2,1,16.2,25.8,21.0,3.1,902
2,2,1,16.5,26.8,21.65,16.9,903
3,2,1,14.6,25.7,20.15,0.3,904
4,2,1,16.6,25.0,20.8,9.0,905
5,2,1,16.3,26.3,21.3,0.4,906
6,2,1,15.9,25.9,20.9,0.1,907
7,2,1,16.0,26.4,21.2,0.2,908
8,2,1,17.7,26.5,22.1,5.5,909
9,2,1,16.5,27.2,21.85,31.5,910
10,2,1,16.0,23.8,19.9,3.0,911
11,2,1,17.0,25.8,21.4,23.0,912
12,2,1,17.5,23.0,20.25,29.0,913
13,2,1,17.4,23.7,20.549999999999997,17.6,914
14,2,1,17.0,24.6,20.8,4.2,915
15,2,1,15.6,23.3,19.45,8.0,916
16,2,1,15.1,25.0,20.05,1.8,917
17,2,1,15.7,24.4,20.049999999999997,2.5,918
18,2,1,15.8,23.8,19.8,0.1,919
19,2,1,16.5,21.8,19.15,9.8,920
20,2,1,17.8,20.7,19.25,51.6,921
21,2,1,17.2,20.9,19.049999999999997,63.2,922
22,2,1,16.6,18.6,17.6,76.4,923
23,2,1,17.0,22.9,19.95,43.9,924
24,2,1,17.4,24.4,20.9,23.7,925
25,2,1,17.0,23.1,20.05,5.2,926
26,2,1,17.2,20.3,18.75,21.4,927
27,2,1,17.2,25.4,21.299999999999997,14.6,928
28,2,1,17.0,25.9,21.45,3.9,929
29,2,1,16.6,25.8,21.200000000000003,0.0,930
30,2,1,15.8,27.3,21.55,7.6,931
31,2,1,18.1,26.3,22.200000000000003,17.5,932
32,2,1,17.2,24.1,20.65,19.3,933
33,2,1,15.8,26.2,21.0,8.8,934
34,2,1,14.8,26.1,20.450000000000003,13.3,935
35,2,1,16.7,25.2,20.95,15.1,936
36,2,1,16.1,24.0,20.05,5.7,937
37,2,1,15.7,24.9,20.299999999999997,10.1,938
38,2,1,17.0,23.4,20.2,4.4,939
39,2,1,17.5,24.7,21.1,2.2,940
40,2,1,16.7,25.1,20.9,1.9,941
41,2,1,15.0,23.7,19.35,0.1,942
42,2,1,16.0,25.8,20.9,0.3,943
43,2,1,14.7,26.0,20.35,0.0,944
44,2,1,14.9,26.1,20.5,0.0,945
45,2,1,15.0,24.4,19.7,3.0,946
46,2,1,13.8,26.5,20.15,0.0,947
47,2,1,17.1,24.5,20.8,24.2,948
48,2,1,16.6,26.7,21.65,21.4,949
49,2,1,16.5,27.2,21.85,7.8,950
50,2,1,18.2,27.7,22.95,0.4,951
51,2,1,16.8,26.9,21.85,0.0,952
52,2,1,15.5,26.1,20.8,7.6,953
53,2,1,17.2,26.6,21.9,4.1,954
54,2,1,17.1,24.5,20.8,20.5,955
55,2,1,14.9,26.0,20.45,0.5,956
56,2,1,14.2,25.9,20.049999999999997,0.1,957
57,2,1,15.3,26.2,20.75,0.0,958
58,2,1,13.9,25.9,19.9,0.4,959
59,2,1,15.3,25.4,20.35,2.1,960
60,2,1,14.7,25.9,20.299999999999997,12.8,961
61,2,1,16.1,25.9,21.0,7.5,962
62,2,1,17.0,25.7,21.35,12.2,963
63,2,1,16.7,24.5,20.6,10.2,964
64,2,1,17.4,23.1,20.25,8.2,965
65,2,1,17.6,24.6,21.1,3.2,966
66,2,1,17.1,26.0,21.55,2.3,967
67,2,1,16.0,25.8,20.9,8.9,968
68,2,1,15.4,25.2,20.3,20.8,969
69,2,1,17.1,23.3,20.200000000000003,10.2,970
70,2,1,16.6,23.9,20.25,0.8,971
71,2,1,15.6,23.6,19.6,9.1,972
72,2,1,14.6,24.1,19.35,6.5,973
73,2,1,15.6,25.2,20.4,0.1,974
74,2,1,16.0,24.0,20.0,11.1,975
75,2,1,15.1,25.8,20.45,10.1,976
76,2,1,14.9,25.7,20.3,1.2,977
77,2,1,16.5,27.1,21.8,6.7,978
78,2,1,17.5,25.2,21.35,8.6,979
79,2,1,17.9,25.6,21.75,15.5,980
80,2,1,16.7,24.4,20.549999999999997,16.2,981
81,2,1,16.2,23.9,20.049999999999997,11.8,982
82,2,1,15.8,25.2,20.5,1.1,983
83,2,1,16.2,24.9,20.549999999999997,3.2,984
84,2,1,15.8,24.6,20.200000000000003,1.6,985
85,2,1,14.7,24.9,19.799999999999997,2.5,986
86,2,1,14.7,26.2,20.45,2.1,987
87,2,1,16.5,26.0,21.25,15.2,988
88,2,1,16.9,24.7,20.799999999999997,9.3,989
89,2,1,16.4,24.8,20.6,22.5,990
90,2,1,16.0,25.6,20.8,8.6,991
91,2,1,15.3,25.4,20.35,0.5,992
92,2,1,15.9,25.6,20.75,23.2,993
93,2,1,16.3,25.6,20.950000000000003,8.7,994
94,2,1,15.2,24.6,19.9,6.0,995
95,2,1,15.5,24.9,20.2,15.9,996
96,2,1,16.7,23.1,19.9,6.8,997
97,2,1,15.8,24.4,20.1,7.7,998
98,2,1,14.8,25.1,19.950000000000003,0.4,999
99,2,1,14.9,24.4,19.65,18.7,1000
100,2,1,13.7,24.9,19.299999999999997,7.3,1001
101,2,1,14.0,24.9,19.45,0.8,1002
102,2,1,15.4,25.7,20.55,0.5,1003
103,2,1,16.1,23.9,20.0,7.8,1004
104,2,1,15.3,24.7,20.0,0.9,1005
105,2,1,15.2,25.4,20.299999999999997,21.8,1006
106,2,1,14.7,24.4,19.549999999999997,1.9,1007
107,2,1,14.9,23.3,19.1,0.3,1008
108,2,1,14.7,24.1,19.4,0.6,1009
109,2,1,15.1,23.6,19.35,2.7,1010
110,2,1,16.4,24.0,20.2,2.6,1011
111,2,1,15.3,25.3,20.3,1.4,1012
112,2,1,15.3,25.5,20.4,0.9,1013
113,2,1,14.2,25.4,19.799999999999997,3.3,1014
114,2,1,13.2,24.6,18.9,0.2,1015
115,2,1,10.9,26.2,18.55,0.0,1016
116,2,1,15.1,25.2,20.15,0.0,1017
117,2,1,16.9,23.8,20.35,0.4,1018
118,2,1,13.4,23.5,18.45,0.0,1019
119,2,1,12.5,23.2,17.85,0.0,1020
120,2,1,12.2,24.2,18.2,0.0,1021
121,2,1,15.1,24.2,19.65,0.0,1022
122,2,1,15.4,24.8,20.1,0.0,1023
123,2,1,16.0,22.1,19.05,2.5,1024
124,2,1,15.6,22.5,19.05,1.1,1025
125,2,1,14.3,24.0,19.15,0.0,1026
126,2,1,14.1,23.8,18.95,0.0,1027
127,2,1,13.4,22.4,17.9,2.5,1028
128,2,1,12.3,22.9,17.6,1.5,1029
129,2,1,13.4,21.8,17.6,1.1,1030
130,2,1,14.9,22.4,18.65,0.0,1031
131,2,1,13.9,22.7,18.3,0.7,1032
132,2,1,15.3,23.9,19.6,0.0,1033
133,2,1,15.8,23.7,19.75,0.8,1034
134,2,1,16.2,23.3,19.75,2.2,1035
135,2,1,15.5,24.1,19.8,1.7,1036
136,2,1,12.1,23.6,17.85,0.8,1037
137,2,1,11.2,24.6,17.9,0.0,1038
138,2,1,14.1,24.2,19.15,0.0,1039
139,2,1,12.3,24.5,18.4,0.0,1040
140,2,1,12.6,25.0,18.8,0.0,1041
141,2,1,11.6,25.0,18.3,0.0,1042
142,2,1,10.9,24.6,17.75,0.0,1043
143,2,1,9.1,23.6,16.35,0.0,1044
144,2,1,13.3,22.7,18.0,0.0,1045
145,2,1,12.1,21.2,16.65,5.2,1046
146,2,1,10.0,20.9,15.45,0.1,1047
147,2,1,13.2,20.9,17.049999999999997,0.0,1048
148,2,1,12.8,22.0,17.4,0.0,1049
149,2,1,11.4,23.0,17.2,0.0,1050
150,2,1,14.0,22.0,18.0,0.0,1051
151,2,1,13.5,23.3,18.4,0.0,1052
152,2,1,11.8,21.4,16.6,0.0,1053
153,2,1,11.7,21.6,16.65,0.0,1054
154,2,1,11.9,19.8,15.850000000000001,1.1,1055
155,2,1,12.4,21.0,16.7,0.3,1056
156,2,1,11.9,21.5,16.7,0.7,1057
157,2,1,10.3,22.2,16.25,0.2,1058
158,2,1,13.1,22.4,17.75,0.0,1059
159,2,1,15.0,22.7,18.85,0.1,1060
160,2,1,13.6,23.4,18.5,0.0,1061
161,2,1,12.4,22.5,17.45,0.0,1062
162,2,1,13.7,22.6,18.15,0.0,1063
163,2,1,11.8,21.9,16.85,0.0,1064
164,2,1,9.9,22.1,16.0,0.0,1065
165,2,1,9.1,22.6,15.850000000000001,0.0,1066
166,2,1,11.1,22.5,16.8,0.0,1067
167,2,1,10.0,22.6,16.3,0.0,1068
168,2,1,8.4,23.5,15.95,0.0,1069
169,2,1,10.1,21.0,15.55,0.2,1070
170,2,1,11.0,20.2,15.6,0.0,1071
171,2,1,10.1,20.2,15.149999999999999,0.0,1072
172,2,1,9.8,20.2,15.0,0.0,1073
173,2,1,9.5,20.5,15.0,0.0,1074
174,2,1,11.3,20.9,16.1,0.0,1075
175,2,1,11.4,20.7,16.05,0.0,1076
176,2,1,10.9,20.3,15.600000000000001,0.0,1077
177,2,1,8.1,20.4,14.25,0.0,1078
178,2,1,5.3,20.5,12.9,0.0,1079
179,2,1,5.1,19.8,12.45,0.0,1080
180,2,1,7.4,20.0,13.7,0.0,1081
181,2,1,11.8,20.5,16.15,0.0,1082
182,2,1,11.2,22.0,16.6,0.0,1083
183,2,1,10.5,19.6,15.05,0.0,1084
184,2,1,11.6,19.0,15.3,0.0,1085
185,2,1,8.7,17.3,13.0,0.3,1086
186,2,1,10.3,20.2,15.25,0.5,1087
187,2,1,10.9,21.5,16.2,0.0,1088
188,2,1,11.5,19.3,15.4,0.0,1089
189,2,1,13.0,19.0,16.0,0.3,1090
190,2,1,9.6,20.1,14.850000000000001,0.1,1091
191,2,1,8.9,21.5,15.2,0.5,1092
192,2,1,11.9,23.9,17.9,0.0,1093
193,2,1,10.1,21.6,15.850000000000001,0.0,1094
194,2,1,10.3,21.1,15.700000000000001,0.0,1095
195,2,1,11.2,20.2,15.7,0.3,1096
196,2,1,9.3,18.5,13.9,0.0,1097
197,2,1,8.6,20.6,14.600000000000001,0.0,1098
198,2,1,10.9,20.3,15.600000000000001,0.3,1099
199,2,1,10.2,20.7,15.45,0.2,1100
200,2,1,9.6,19.3,14.45,0.7,1101
201,2,1,10.7,23.2,16.95,0.0,1102
202,2,1,12.0,21.2,16.6,0.0,1103
203,2,1,11.6,20.9,16.25,0.0,1104
204,2,1,11.3,20.8,16.05,0.0,1105
205,2,1,10.8,21.9,16.35,0.0,1106
206,2,1,11.2,24.5,17.85,0.0,1107
207,2,1,11.3,20.8,16.05,0.0,1108
208,2,1,9.2,20.9,15.049999999999999,0.0,1109
209,2,1,9.9,21.1,15.5,0.0,1110
210,2,1,9.6,20.5,15.05,0.0,1111
211,2,1,10.2,23.1,16.65,0.0,1112
212,2,1,11.5,23.7,17.6,0.0,1113
213,2,1,12.5,24.4,18.45,0.1,1114
214,2,1,11.1,21.2,16.15,0.0,1115
215,2,1,10.3,20.9,15.6,0.9,1116
216,2,1,10.2,18.6,14.4,0.0,1117
217,2,1,10.6,19.6,15.100000000000001,0.2,1118
218,2,1,11.0,19.3,15.15,0.0,1119
219,2,1,9.2,21.1,15.15,0.6,1120
220,2,1,12.5,21.3,16.9,23.3,1121
221,2,1,10.8,20.8,15.8,0.1,1122
222,2,1,11.7,22.1,16.9,0.0,1123
223,2,1,12.4,21.4,16.9,0.8,1124
224,2,1,12.4,23.0,17.7,0.3,1125
225,2,1,10.6,22.8,16.7,0.2,1126
226,2,1,14.7,22.3,18.5,10.5,1127
227,2,1,13.5,23.1,18.3,0.8,1128
228,2,1,12.1,23.9,18.0,0.6,1129
229,2,1,12.3,21.1,16.700000000000003,1.1,1130
230,2,1,14.0,21.6,17.8,0.9,1131
231,2,1,14.1,24.4,19.25,0.0,1132
232,2,1,13.0,25.5,19.25,0.0,1133
233,2,1,11.6,25.0,18.3,0.0,1134
234,2,1,11.7,23.0,17.35,0.0,1135
235,2,1,11.2,21.3,16.25,0.0,1136
236,2,1,11.7,23.4,17.549999999999997,0.2,1137
237,2,1,14.2,22.2,18.2,0.1,1138
238,2,1,12.6,21.6,17.1,0.4,1139
239,2,1,14.1,24.4,19.25,0.0,1140
240,2,1,11.4,22.1,16.75,0.0,1141
241,2,1,12.5,20.7,16.6,1.1,1142
242,2,1,12.0,20.3,16.15,0.0,1143
243,2,1,10.3,21.0,15.65,0.0,1144
244,2,1,9.9,23.0,16.45,0.0,1145
245,2,1,12.1,22.5,17.3,0.0,1146
246,2,1,10.4,20.3,15.350000000000001,0.3,1147
247,2,1,12.2,21.2,16.7,0.7,1148
248,2,1,11.7,22.5,17.1,0.0,1149
249,2,1,10.3,25.2,17.75,0.0,1150
250,2,1,10.8,26.5,18.65,0.0,1151
251,2,1,10.9,23.4,17.15,0.0,1152
252,2,1,9.8,23.9,16.85,0.0,1153
253,2,1,10.1,23.3,16.7,0.0,1154
254,2,1,9.7,23.4,16.549999999999997,0.0,1155
255,2,1,8.2,24.8,16.5,0.0,1156
256,2,1,10.3,23.8,17.05,0.0,1157
257,2,1,11.9,23.8,17.85,0.0,1158
258,2,1,11.7,23.1,17.4,0.0,1159
259,2,1,10.9,23.2,17.05,0.0,1160
260,2,1,10.1,26.2,18.15,0.0,1161
261,2,1,10.3,23.4,16.85,0.0,1162
262,2,1,10.1,22.8,16.45,0.1,1163
263,2,1,14.2,23.8,19.0,0.0,1164
264,2,1,11.3,26.0,18.65,0.0,1165
265,2,1,11.2,24.9,18.049999999999997,0.0,1166
266,2,1,15.1,21.8,18.45,0.2,1167
267,2,1,12.1,23.3,17.7,0.1,1168
268,2,1,11.1,24.1,17.6,0.0,1169
269,2,1,9.4,22.7,16.05,0.0,1170
270,2,1,11.7,22.3,17.0,0.4,1171
271,2,1,10.9,22.2,16.55,0.2,1172
272,2,1,11.2,24.4,17.799999999999997,0.0,1173
273,2,1,11.7,27.1,19.4,0.0,1174
274,2,1,13.6,29.0,21.3,0.0,1175
275,2,1,14.5,28.5,21.5,1.2,1176
276,2,1,14.2,22.3,18.25,0.0,1177
277,2,1,13.4,23.7,18.55,0.0,1178
278,2,1,14.0,25.1,19.55,0.2,1179
279,2,1,12.5,25.8,19.15,0.0,1180
280,2,1,11.3,26.3,18.8,0.0,1181
281,2,1,9.7,28.8,19.25,0.0,1182
282,2,1,13.3,28.7,21.0,0.0,1183
283,2,1,12.3,28.8,20.55,0.0,1184
284,2,1,9.5,31.8,20.65,0.0,1185
285,2,1,14.3,31.0,22.65,0.0,1186
286,2,1,16.5,31.6,24.05,2.0,1187
287,2,1,15.7,30.7,23.2,4.9,1188
288,2,1,14.7,29.7,22.2,3.4,1189
289,2,1,15.6,30.7,23.15,10.7,1190
290,2,1,16.0,28.4,22.2,16.7,1191
291,2,1,15.8,28.0,21.9,0.5,1192
292,2,1,17.3,28.3,22.8,0.9,1193
293,2,1,16.6,28.4,22.5,0.5,1194
294,2,1,16.3,26.4,21.35,3.4,1195
295,2,1,15.0,27.7,21.35,7.9,1196
296,2,1,15.3,27.5,21.4,13.8,1197
297,2,1,15.0,27.5,21.25,2.7,1198
298,2,1,15.2,28.3,21.75,3.9,1199
299,2,1,14.4,28.4,21.4,0.2,1200
300,2,1,16.9,27.4,22.15,0.5,1201
301,2,1,17.0,26.3,21.65,6.1,1202
302,2,1,15.6,26.4,21.0,16.3,1203
303,2,1,15.4,27.2,21.3,0.0,1204
304,2,1,16.2,26.8,21.5,0.3,1205
305,2,1,16.3,27.4,21.85,7.9,1206
306,2,1,15.2,26.5,20.85,0.9,1207
307,2,1,14.7,25.8,20.25,4.6,1208
308,2,1,16.3,22.3,19.3,5.9,1209
309,2,1,16.4,24.0,20.2,0.7,1210
310,2,1,16.5,25.1,20.8,2.5,1211
311,2,1,15.6,24.9,20.25,1.0,1212
312,2,1,15.7,27.2,21.45,4.6,1213
313,2,1,15.4,26.4,20.9,3.7,1214
314,2,1,14.4,26.3,20.35,1.0,1215
315,2,1,14.5,27.1,20.8,0.1,1216
316,2,1,15.0,26.6,20.8,0.2,1217
317,2,1,15.5,27.6,21.55,1.3,1218
318,2,1,14.8,26.9,20.85,3.5,1219
319,2,1,15.5,23.8,19.65,23.2,1220
320,2,1,15.6,24.7,20.15,7.8,1221
321,2,1,15.5,24.7,20.1,1.4,1222
322,2,1,16.0,25.3,20.65,6.9,1223
323,2,1,16.9,27.2,22.049999999999997,0.6,1224
324,2,1,13.8,27.7,20.75,0.0,1225
325,2,1,12.9,26.4,19.65,0.0,1226
326,2,1,12.6,25.2,18.9,0.0,1227
327,2,1,16.4,25.4,20.9,0.0,1228
328,2,1,13.1,25.3,19.2,0.0,1229
329,2,1,12.7,26.0,19.35,1.9,1230
330,2,1,12.0,26.5,19.25,0.3,1231
331,2,1,12.6,29.1,20.85,0.0,1232
332,2,1,15.8,29.5,22.65,0.0,1233
333,2,1,15.7,29.8,22.75,3.3,1234
334,2,1,15.9,29.4,22.65,0.9,1235
335,2,1,16.5,27.2,21.85,9.2,1236
336,2,1,15.9,25.3,20.6,4.6,1237
337,2,1,15.3,26.1,20.700000000000003,0.2,1238
338,2,1,16.0,26.1,21.05,3.1,1239
339,2,1,15.4,28.2,21.8,0.0,1240
340,2,1,16.6,29.6,23.1,0.1,1241
341,2,1,15.7,25.5,20.6,0.0,1242
342,2,1,15.5,28.3,21.9,0.3,1243
343,2,1,15.9,27.6,21.75,14.9,1244
344,2,1,16.7,28.4,22.549999999999997,2.7,1245
345,2,1,17.4,28.7,23.049999999999997,0.4,1246
346,2,1,16.7,28.5,22.6,0.0,1247
347,2,1,18.5,30.4,24.45,0.0,1248
348,2,1,16.1,29.3,22.700000000000003,0.0,1249
349,2,1,18.1,29.0,23.55,0.0,1250
350,2,1,16.6,30.3,23.450000000000003,0.0,1251
351,2,1,17.5,28.9,23.2,0.5,1252
352,2,1,18.6,29.8,24.200000000000003,35.0,1253
353,2,1,18.7,27.8,23.25,3.5,1254
354,2,1,18.3,28.0,23.15,5.0,1255
355,2,1,17.5,25.6,21.55,19.0,1256
356,2,1,17.4,27.8,22.6,26.4,1257
357,2,1,16.3,27.3,21.8,4.1,1258
358,2,1,16.7,26.6,21.65,19.1,1259
359,2,1,16.2,26.7,21.45,2.6,1260
360,2,1,15.0,27.2,21.1,11.4,1261
361,2,1,16.1,27.1,21.6,2.9,1262
362,2,1,17.1,26.9,22.0,9.1,1263
363,2,1,16.7,27.8,22.25,14.2,1264
364,2,1,16.4,27.9,22.15,6.3,1265
365,2,1,16.5,27.1,21.8,34.0,1266
366,2,1,17.8,27.7,22.75,4.4,1267
367,2,1,18.9,23.6,21.25,4.9,1268
368,2,1,18.2,27.1,22.65,0.4,1269
369,2,1,18.9,27.9,23.4,3.4,1270
370,2,1,17.8,25.5,21.65,21.5,1271
371,2,1,17.9,25.8,21.85,12.2,1272
372,2,1,17.8,27.9,22.85,19.8,1273
373,2,1,17.7,27.6,22.65,9.5,1274
374,2,1,17.3,26.9,22.1,13.6,1275
375,2,1,16.9,27.7,22.299999999999997,3.0,1276
376,2,1,15.5,27.1,21.3,0.9,1277
377,2,1,13.5,28.2,20.85,0.0,1278
378,2,1,15.2,28.7,21.95,0.0,1279
379,2,1,15.4,29.7,22.55,0.2,1280
380,2,1,18.7,26.1,22.4,20.5,1281
381,2,1,18.2,26.8,22.5,18.8,1282
382,2,1,18.8,24.5,21.65,82.0,1283
383,2,1,18.1,20.8,19.450000000000003,43.7,1284
384,2,1,17.2,23.5,20.35,12.9,1285
385,2,1,17.0,25.1,21.05,6.1,1286
386,2,1,18.0,26.2,22.1,12.4,1287
387,2,1,18.2,27.2,22.7,24.5,1288
388,2,1,17.3,28.8,23.05,0.3,1289
389,2,1,16.7,27.4,22.049999999999997,3.6,1290
390,2,1,16.5,23.0,19.75,8.6,1291
391,2,1,16.3,21.6,18.950000000000003,3.2,1292
392,2,1,15.5,25.0,20.25,19.7,1293
393,2,1,14.9,26.3,20.6,5.4,1294
394,2,1,16.7,25.6,21.15,27.8,1295
395,2,1,16.2,26.8,21.5,1.1,1296
396,2,1,15.7,26.9,21.299999999999997,0.3,1297
397,2,1,16.4,26.6,21.5,8.5,1298
398,2,1,17.3,25.2,21.25,3.0,1299
399,2,1,17.4,24.7,21.049999999999997,0.6,1300
400,2,1,17.2,25.6,21.4,4.0,1301
401,2,1,17.4,26.3,21.85,8.8,1302
402,2,1,17.6,26.9,22.25,16.5,1303
403,2,1,16.6,26.6,21.6,6.8,1304
404,2,1,17.5,26.7,22.1,19.5,1305
405,2,1,17.6,27.5,22.55,27.4,1306
406,2,1,18.6,25.2,21.9,1.5,1307
407,2,1,18.7,27.6,23.15,1.8,1308
408,2,1,18.6,26.1,22.35,3.4,1309
409,2,1,18.4,24.0,21.2,1.5,1310
410,2,1,18.6,21.4,20.0,66.9,1311
411,2,1,18.6,25.6,22.1,18.9,1312
412,2,1,17.3,28.4,22.85,18.9,1313
413,2,1,17.7,25.1,21.4,17.0,1314
414,2,1,18.0,25.7,21.85,22.0,1315
415,2,1,17.3,22.4,19.85,0.4,1316
416,2,1,16.2,24.6,20.4,5.4,1317
417,2,1,15.8,24.8,20.3,2.3,1318
418,2,1,16.3,26.0,21.15,1.9,1319
419,2,1,17.7,27.2,22.45,0.5,1320
420,2,1,17.8,27.0,22.4,0.0,1321
421,2,1,15.7,28.5,22.1,0.0,1322
422,2,1,14.4,28.3,21.35,0.8,1323
423,2,1,18.0,26.0,22.0,17.1,1324
424,2,1,17.3,24.5,20.9,13.9,1325
425,2,1,16.6,25.0,20.8,11.3,1326
426,2,1,16.0,25.1,20.55,5.8,1327
427,2,1,16.9,23.5,20.2,1.2,1328
428,2,1,15.4,24.6,20.0,0.2,1329
429,2,1,17.7,25.1,21.4,39.7,1330
430,2,1,18.4,26.5,22.45,8.6,1331
431,2,1,17.6,27.6,22.6,7.7,1332
432,2,1,19.0,26.8,22.9,18.1,1333
433,2,1,18.7,25.8,22.25,7.4,1334
434,2,1,17.2,27.2,22.2,17.7,1335
435,2,1,15.5,26.2,20.85,0.3,1336
436,2,1,13.6,26.4,20.0,0.2,1337
437,2,1,18.0,26.3,22.15,2.0,1338
438,2,1,16.1,25.3,20.700000000000003,2.3,1339
439,2,1,17.2,27.2,22.2,0.0,1340
440,2,1,18.3,27.4,22.85,0.6,1341
441,2,1,17.6,25.6,21.6,5.0,1342
442,2,1,16.6,26.5,21.55,0.4,1343
443,2,1,16.2,27.2,21.7,0.1,1344
444,2,1,16.6,27.2,21.9,0.9,1345
445,2,1,17.1,25.2,21.15,11.0,1346
446,2,1,17.1,26.4,21.75,16.3,1347
447,2,1,17.4,25.2,21.299999999999997,1.4,1348
448,2,1,17.1,24.5,20.8,0.5,1349
449,2,1,17.3,24.5,20.9,1.6,1350
450,2,1,16.3,22.8,19.55,2.4,1351
451,2,1,15.2,21.3,18.25,0.0,1352
452,2,1,15.9,22.2,19.05,0.3,1353
453,2,1,16.1,22.8,19.450000000000003,0.2,1354
454,2,1,16.8,26.4,21.6,6.5,1355
455,2,1,16.7,26.5,21.6,1.3,1356
456,2,1,15.4,26.3,20.85,0.2,1357
457,2,1,17.2,25.7,21.45,1.1,1358
458,2,1,17.2,24.5,20.85,4.6,1359
459,2,1,16.3,24.8,20.55,1.2,1360
460,2,1,16.3,24.2,20.25,0.2,1361
461,2,1,14.8,25.7,20.25,0.3,1362
462,2,1,17.4,28.4,22.9,0.0,1363
463,2,1,15.2,28.0,21.6,0.0,1364
464,2,1,16.9,27.3,22.1,0.0,1365
465,2,1,16.6,27.5,22.05,0.5,1366
466,2,1,16.8,27.8,22.3,0.4,1367
467,2,1,16.6,27.8,22.200000000000003,0.3,1368
468,2,1,15.9,27.7,21.8,0.2,1369
469,2,1,17.1,26.7,21.9,2.4,1370
470,2,1,16.9,26.0,21.45,15.0,1371
471,2,1,17.3,23.2,20.25,0.8,1372
472,2,1,16.7,23.4,20.049999999999997,0.1,1373
473,2,1,15.0,21.3,18.15,0.2,1374
474,2,1,13.6,22.2,17.9,0.0,1375
475,2,1,12.0,23.9,17.95,0.1,1376
476,2,1,13.7,25.5,19.6,0.0,1377
477,2,1,12.5,27.5,20.0,0.0,1378
478,2,1,17.6,27.5,22.55,0.3,1379
479,2,1,16.9,27.9,22.4,0.0,1380
480,2,1,16.0,26.7,21.35,0.3,1381
481,2,1,15.6,25.8,20.7,0.2,1382
482,2,1,14.3,25.6,19.950000000000003,0.0,1383
483,2,1,15.6,26.5,21.05,1.0,1384
484,2,1,15.0,24.5,19.75,1.4,1385
485,2,1,16.2,22.6,19.4,0.0,1386
486,2,1,15.6,23.4,19.5,0.4,1387
487,2,1,15.5,21.3,18.4,7.6,1388
488,2,1,14.1,26.5,20.3,0.1,1389
489,2,1,14.1,25.4,19.75,0.8,1390
490,2,1,14.7,24.7,19.7,0.0,1391
491,2,1,13.1,22.4,17.75,0.0,1392
492,2,1,13.1,24.0,18.55,0.0,1393
493,2,1,12.2,22.3,17.25,0.0,1394
494,2,1,13.3,22.6,17.950000000000003,0.0,1395
495,2,1,13.5,22.6,18.05,0.1,1396
496,2,1,14.2,22.6,18.4,0.0,1397
497,2,1,14.3,22.9,18.6,0.5,1398
498,2,1,14.9,22.7,18.8,0.0,1399
499,2,1,14.7,24.4,19.549999999999997,0.0,1400
500,2,1,15.1,23.8,19.45,0.6,1401
501,2,1,13.3,22.7,18.0,1.8,1402
502,2,1,15.0,22.0,18.5,0.2,1403
503,2,1,15.5,22.9,19.2,0.1,1404
504,2,1,15.7,24.9,20.299999999999997,0.1,1405
505,2,1,13.1,23.0,18.05,0.0,1406
506,2,1,14.5,21.9,18.2,0.1,1407
507,2,1,10.8,18.8,14.8,0.0,1408
508,2,1,11.5,18.6,15.05,0.4,1409
509,2,1,12.6,19.1,15.850000000000001,0.3,1410
510,2,1,12.4,20.5,16.45,0.3,1411
511,2,1,11.6,21.3,16.45,0.0,1412
512,2,1,10.6,22.7,16.65,0.0,1413
513,2,1,11.0,22.7,16.85,0.0,1414
514,2,1,10.5,21.1,15.8,0.3,1415
515,2,1,10.1,21.1,15.600000000000001,0.0,1416
516,2,1,11.9,21.4,16.65,0.0,1417
517,2,1,12.1,20.2,16.15,0.0,1418
518,2,1,14.0,22.3,18.15,0.0,1419
519,2,1,14.5,24.8,19.65,0.3,1420
520,2,1,12.0,24.1,18.05,0.0,1421
521,2,1,11.3,22.5,16.9,0.0,1422
522,2,1,12.7,23.5,18.1,0.0,1423
523,2,1,11.1,22.2,16.65,0.1,1424
524,2,1,10.8,22.5,16.65,0.0,1425
525,2,1,11.3,24.3,17.8,0.0,1426
526,2,1,10.2,21.1,15.65,0.1,1427
527,2,1,11.3,19.6,15.450000000000001,0.0,1428
528,2,1,11.7,21.0,16.35,2.3,1429
529,2,1,10.1,21.7,15.899999999999999,2.3,1430
530,2,1,9.7,23.5,16.6,0.0,1431
531,2,1,12.3,23.5,17.9,0.0,1432
532,2,1,13.0,23.7,18.35,0.0,1433
533,2,1,13.7,21.9,17.799999999999997,0.0,1434
534,2,1,14.3,23.5,18.9,0.0,1435
535,2,1,13.4,21.6,17.5,0.3,1436
536,2,1,12.7,21.5,17.1,0.0,1437
537,2,1,9.4,20.9,15.149999999999999,0.0,1438
538,2,1,8.6,20.5,14.55,0.0,1439
539,2,1,8.9,19.1,14.0,0.1,1440
540,2,1,11.1,19.0,15.05,0.3,1441
541,2,1,11.3,19.1,15.200000000000001,0.1,1442
542,2,1,11.7,19.8,15.75,0.0,1443
543,2,1,10.8,19.9,15.35,0.0,1444
544,2,1,12.1,18.6,15.350000000000001,0.2,1445
545,2,1,8.9,17.5,13.2,0.0,1446
546,2,1,7.3,18.5,12.9,0.0,1447
547,2,1,10.0,20.7,15.35,0.0,1448
548,2,1,8.7,22.5,15.6,0.0,1449
549,2,1,7.4,18.7,13.05,0.0,1450
550,2,1,8.2,19.6,13.9,0.0,1451
551,2,1,10.8,21.8,16.3,0.0,1452
552,2,1,11.5,21.3,16.4,0.0,1453
553,2,1,8.3,21.8,15.05,0.0,1454
554,2,1,6.8,23.2,15.0,0.0,1455
555,2,1,9.2,23.2,16.2,0.0,1456
556,2,1,9.7,24.4,17.049999999999997,0.0,1457
557,2,1,9.5,21.3,15.4,0.0,1458
558,2,1,8.5,19.7,14.1,0.0,1459
559,2,1,8.2,18.6,13.4,0.2,1460
560,2,1,11.1,20.8,15.95,0.2,1461
561,2,1,10.8,20.4,15.6,0.0,1462
562,2,1,10.2,20.7,15.45,0.0,1463
563,2,1,8.5,22.4,15.45,0.0,1464
564,2,1,8.3,22.8,15.55,0.0,1465
565,2,1,8.0,22.6,15.3,0.0,1466
566,2,1,8.0,22.9,15.45,0.0,1467
567,2,1,7.6,23.5,15.55,0.0,1468
568,2,1,8.1,23.0,15.55,0.0,1469
569,2,1,7.3,23.4,15.35,0.0,1470
570,2,1,13.8,22.8,18.3,0.0,1471
571,2,1,11.9,21.9,16.9,0.1,1472
572,2,1,9.8,22.8,16.3,0.0,1473
573,2,1,8.3,23.1,15.700000000000001,0.0,1474
574,2,1,8.2,23.1,15.65,0.0,1475
575,2,1,9.9,23.1,16.5,0.0,1476
576,2,1,9.6,23.1,16.35,0.0,1477
577,2,1,9.5,23.1,16.3,0.0,1478
578,2,1,7.2,23.8,15.5,0.0,1479
579,2,1,7.9,23.3,15.600000000000001,0.0,1480
580,2,1,10.3,21.8,16.05,0.0,1481
581,2,1,9.5,24.9,17.2,0.0,1482
582,2,1,7.8,24.9,16.349999999999998,0.0,1483
583,2,1,7.9,24.6,16.25,0.0,1484
584,2,1,8.6,25.7,17.15,0.0,1485
585,2,1,10.4,22.8,16.6,0.0,1486
586,2,1,11.0,22.0,16.5,0.0,1487
587,2,1,13.0,22.3,17.65,0.0,1488
588,2,1,9.7,22.2,15.95,0.0,1489
589,2,1,9.7,21.2,15.45,0.1,1490
590,2,1,8.8,24.0,16.4,0.0,1491
591,2,1,10.9,23.7,17.3,0.0,1492
592,2,1,12.0,20.8,16.4,0.3,1493
593,2,1,11.5,24.8,18.15,0.0,1494
594,2,1,10.8,21.7,16.25,0.0,1495
595,2,1,13.1,18.4,15.75,0.2,1496
596,2,1,13.4,20.0,16.7,0.2,1497
597,2,1,10.7,20.1,15.4,0.1,1498
598,2,1,9.5,20.2,14.85,0.0,1499
599,2,1,10.3,19.3,14.8,0.1,1500
600,2,1,11.3,20.6,15.950000000000001,0.6,1501
601,2,1,10.5,24.4,17.45,0.0,1502
602,2,1,9.6,20.9,15.25,0.0,1503
603,2,1,9.1,19.1,14.100000000000001,0.0,1504
604,2,1,8.0,19.5,13.75,0.0,1505
605,2,1,10.1,21.9,16.0,0.0,1506
606,2,1,9.8,21.1,15.450000000000001,0.0,1507
607,2,1,12.0,21.8,16.9,0.0,1508
608,2,1,9.8,21.8,15.8,0.5,1509
609,2,1,12.0,22.1,17.05,0.0,1510
610,2,1,10.3,22.1,16.200000000000003,1.2,1511
611,2,1,11.1,22.2,16.65,0.3,1512
612,2,1,13.1,23.2,18.15,2.6,1513
613,2,1,13.4,21.6,17.5,4.4,1514
614,2,1,13.5,20.2,16.85,13.1,1515
615,2,1,12.0,23.6,17.8,0.0,1516
616,2,1,10.7,25.0,17.85,0.0,1517
617,2,1,12.1,24.7,18.4,0.0,1518
618,2,1,9.4,27.9,18.65,0.0,1519
619,2,1,9.2,27.7,18.45,0.0,1520
620,2,1,9.7,28.5,19.1,0.0,1521
621,2,1,11.3,30.2,20.75,0.0,1522
622,2,1,14.8,25.3,20.05,0.0,1523
623,2,1,13.1,23.5,18.3,0.0,1524
624,2,1,12.0,24.7,18.35,0.0,1525
625,2,1,11.1,25.5,18.3,0.0,1526
626,2,1,9.7,26.9,18.299999999999997,0.0,1527
627,2,1,9.5,28.4,18.95,0.0,1528
628,2,1,12.4,29.5,20.95,0.0,1529
629,2,1,13.1,27.0,20.05,0.0,1530
630,2,1,10.4,25.6,18.0,0.0,1531
631,2,1,9.7,29.2,19.45,0.0,1532
632,2,1,12.2,26.2,19.2,0.0,1533
633,2,1,13.9,25.8,19.85,0.1,1534
634,2,1,13.0,24.2,18.6,0.0,1535
635,2,1,12.4,25.2,18.8,0.0,1536
636,2,1,12.8,26.6,19.700000000000003,0.0,1537
637,2,1,11.3,29.7,20.5,0.0,1538
638,2,1,12.6,29.1,20.85,0.0,1539
639,2,1,12.0,27.7,19.85,0.1,1540
640,2,1,16.5,28.2,22.35,0.2,1541
641,2,1,14.7,27.0,20.85,0.1,1542
642,2,1,13.7,24.8,19.25,0.8,1543
643,2,1,11.1,20.9,16.0,0.0,1544
644,2,1,9.4,21.3,15.350000000000001,0.0,1545
645,2,1,10.6,25.4,18.0,0.0,1546
646,2,1,13.4,26.4,19.9,0.0,1547
647,2,1,13.0,27.1,20.05,0.0,1548
648,2,1,12.6,26.1,19.35,0.0,1549
649,2,1,11.6,24.7,18.15,0.0,1550
650,2,1,11.5,22.5,17.0,0.0,1551
651,2,1,12.4,25.3,18.85,0.0,1552
652,2,1,11.5,23.3,17.4,0.0,1553
653,2,1,9.7,24.8,17.25,0.0,1554
654,2,1,11.9,28.0,19.95,0.0,1555
655,2,1,13.8,29.1,21.450000000000003,0.0,1556
656,2,1,13.9,29.2,21.55,0.0,1557
657,2,1,15.5,27.2,21.35,2.8,1558
658,2,1,15.8,27.6,21.700000000000003,2.2,1559
659,2,1,15.1,26.9,21.0,0.9,1560
660,2,1,15.1,25.9,20.5,0.4,1561
661,2,1,13.1,24.6,18.85,0.0,1562
662,2,1,13.5,23.8,18.65,0.0,1563
663,2,1,14.8,25.3,20.05,0.2,1564
664,2,1,11.8,28.6,20.200000000000003,0.0,1565
665,2,1,14.7,30.2,22.45,0.0,1566
666,2,1,14.9,29.8,22.35,0.0,1567
667,2,1,17.1,29.4,23.25,1.1,1568
668,2,1,15.6,29.6,22.6,0.0,1569
669,2,1,13.5,28.8,21.15,0.0,1570
670,2,1,14.9,29.9,22.4,0.0,1571
671,2,1,14.9,30.5,22.7,0.0,1572
672,2,1,17.4,31.1,24.25,0.2,1573
673,2,1,15.7,29.7,22.7,0.0,1574
674,2,1,14.6,29.7,22.15,0.0,1575
675,2,1,17.9,29.6,23.75,0.6,1576
676,2,1,17.1,29.1,23.1,0.0,1577
677,2,1,14.1,27.9,21.0,0.0,1578
678,2,1,14.7,28.7,21.7,0.0,1579
679,2,1,13.4,31.1,22.25,0.0,1580
680,2,1,16.2,31.4,23.799999999999997,0.0,1581
681,2,1,17.1,29.6,23.35,0.5,1582
682,2,1,16.8,30.1,23.450000000000003,0.0,1583
683,2,1,15.4,29.7,22.55,0.0,1584
684,2,1,14.8,32.6,23.700000000000003,0.0,1585
685,2,1,14.5,30.0,22.25,0.0,1586
686,2,1,15.0,30.7,22.85,0.0,1587
687,2,1,16.6,30.3,23.450000000000003,0.0,1588
688,2,1,17.9,30.3,24.1,0.0,1589
689,2,1,15.9,29.4,22.65,0.1,1590
690,2,1,15.1,28.2,21.65,0.2,1591
691,2,1,14.5,29.9,22.2,0.0,1592
692,2,1,18.0,31.3,24.65,3.9,1593
693,2,1,17.6,28.9,23.25,9.8,1594
694,2,1,17.1,28.4,22.75,18.7,1595
695,2,1,17.7,27.3,22.5,0.3,1596
696,2,1,16.5,26.7,21.6,0.6,1597
697,2,1,16.1,27.0,21.55,0.0,1598
698,2,1,16.9,28.3,22.6,2.2,1599
699,2,1,17.5,27.3,22.4,19.4,1600
700,2,1,16.9,24.8,20.85,30.6,1601
701,2,1,16.8,22.4,19.6,7.8,1602
702,2,1,16.8,25.5,21.15,13.6,1603
703,2,1,16.6,26.5,21.55,17.1,1604
704,2,1,17.4,25.7,21.549999999999997,8.8,1605
705,2,1,16.8,26.6,21.700000000000003,0.1,1606
706,2,1,17.0,26.6,21.8,0.0,1607
707,2,1,15.4,26.7,21.05,0.0,1608
708,2,1,15.8,29.6,22.700000000000003,0.0,1609
709,2,1,15.4,28.0,21.7,0.0,1610
710,2,1,16.5,26.5,21.5,0.2,1611
711,2,1,15.6,26.9,21.25,0.1,1612
712,2,1,14.9,27.7,21.3,0.3,1613
713,2,1,17.2,27.1,22.15,0.2,1614
714,2,1,15.7,30.0,22.85,0.0,1615
715,2,1,17.0,29.3,23.15,0.1,1616
716,2,1,15.9,28.2,22.05,0.0,1617
717,2,1,14.0,29.2,21.6,0.0,1618
718,2,1,16.5,29.3,22.9,0.0,1619
719,2,1,16.1,31.0,23.55,0.0,1620
720,2,1,15.8,33.3,24.549999999999997,0.0,1621
721,2,1,18.2,30.9,24.549999999999997,0.0,1622
722,2,1,17.9,29.4,23.65,0.1,1623
723,2,1,16.7,30.5,23.6,0.0,1624
724,2,1,16.8,31.9,24.35,0.9,1625
725,2,1,18.9,30.7,24.799999999999997,0.6,1626
726,2,1,17.4,29.8,23.6,0.2,1627
727,2,1,17.8,29.3,23.55,12.3,1628
728,2,1,17.4,23.9,20.65,8.8,1629
729,2,1,17.1,25.9,21.5,22.4,1630
730,2,1,16.9,24.2,20.549999999999997,29.3,1631
731,2,1,16.6,25.3,20.950000000000003,6.6,1632
732,2,1,17.0,26.8,21.9,1.0,1633
733,2,1,16.9,28.4,22.65,0.0,1634
734,2,1,15.0,27.5,21.25,0.3,1635
735,2,1,16.0,26.5,21.25,0.0,1636
736,2,1,15.5,27.6,21.55,0.0,1637
737,2,1,16.0,28.3,22.15,0.0,1638
738,2,1,15.4,26.7,21.05,5.3,1639
739,2,1,17.1,27.8,22.450000000000003,0.1,1640
740,2,1,17.3,28.8,23.05,0.0,1641
741,2,1,17.5,30.0,23.75,0.0,1642
742,2,1,16.1,27.3,21.700000000000003,2.9,1643
743,2,1,16.9,23.5,20.2,20.3,1644
744,2,1,17.0,24.6,20.8,34.6,1645
745,2,1,18.0,24.2,21.1,12.4,1646
746,2,1,17.3,27.5,22.4,0.0,1647
747,2,1,17.0,27.7,22.35,10.1,1648
748,2,1,17.0,28.3,22.65,0.0,1649
749,2,1,17.2,28.7,22.95,0.0,1650
750,2,1,17.3,28.5,22.9,1.6,1651
751,2,1,16.7,27.8,22.25,1.4,1652
752,2,1,17.4,26.8,22.1,1.5,1653
753,2,1,17.7,26.6,22.15,24.7,1654
754,2,1,17.3,26.1,21.700000000000003,17.7,1655
755,2,1,17.3,25.6,21.450000000000003,35.3,1656
756,2,1,17.1,26.9,22.0,12.7,1657
757,2,1,18.0,26.9,22.45,7.4,1658
758,2,1,17.4,27.9,22.65,0.5,1659
759,2,1,18.8,27.9,23.35,4.3,1660
760,2,1,18.7,28.0,23.35,1.0,1661
761,2,1,18.3,28.0,23.15,0.2,1662
762,2,1,18.2,28.0,23.1,3.7,1663
763,2,1,17.4,28.8,23.1,21.4,1664
764,2,1,18.2,28.2,23.2,2.1,1665
765,2,1,18.2,27.6,22.9,13.9,1666
766,2,1,15.9,21.2,18.55,67.1,1667
767,2,1,16.4,25.9,21.15,14.7,1668
768,2,1,17.3,26.0,21.65,3.1,1669
769,2,1,17.0,27.5,22.25,9.6,1670
770,2,1,17.3,27.2,22.25,1.2,1671
771,2,1,17.6,27.5,22.55,1.8,1672
772,2,1,17.2,28.0,22.6,10.4,1673
773,2,1,18.1,27.9,23.0,4.1,1674
774,2,1,17.9,27.7,22.799999999999997,17.6,1675
775,2,1,17.7,26.7,22.2,29.1,1676
776,2,1,18.3,26.3,22.3,7.4,1677
777,2,1,18.3,25.9,22.1,7.7,1678
778,2,1,18.2,25.7,21.95,21.3,1679
779,2,1,18.1,25.5,21.8,12.8,1680
780,2,1,18.2,25.1,21.65,29.0,1681
781,2,1,17.7,24.0,20.85,46.4,1682
782,2,1,18.2,26.7,22.45,17.7,1683
783,2,1,17.8,24.2,21.0,25.3,1684
784,2,1,17.6,25.3,21.450000000000003,49.6,1685
785,2,1,17.7,25.8,21.75,17.9,1686
786,2,1,16.8,26.3,21.55,0.8,1687
787,2,1,17.1,26.3,21.700000000000003,0.1,1688
788,2,1,16.6,26.6,21.6,0.3,1689
789,2,1,18.0,26.3,22.15,0.8,1690
790,2,1,18.3,23.3,20.8,12.5,1691
791,2,1,18.3,26.2,22.25,0.9,1692
792,2,1,16.6,26.7,21.65,0.0,1693
793,2,1,16.4,27.9,22.15,0.2,1694
794,2,1,16.2,27.8,22.0,0.3,1695
795,2,1,16.8,28.4,22.6,0.0,1696
796,2,1,15.8,27.3,21.55,0.0,1697
797,2,1,15.3,26.1,20.700000000000003,0.4,1698
798,2,1,17.8,23.2,20.5,2.1,1699
799,2,1,18.3,23.3,20.8,3.4,1700
800,2,1,17.5,25.2,21.35,3.5,1701
801,2,1,16.0,26.5,21.25,0.6,1702
802,2,1,16.6,25.7,21.15,7.6,1703
803,2,1,17.0,27.2,22.1,18.5,1704
804,2,1,17.5,26.6,22.05,2.2,1705
805,2,1,17.6,24.9,21.25,0.9,1706
806,2,1,17.5,26.7,22.1,2.6,1707
807,2,1,17.1,25.2,21.15,0.3,1708
808,2,1,15.4,22.3,18.85,0.0,1709
809,2,1,14.4,23.0,18.7,0.0,1710
810,2,1,15.4,24.1,19.75,0.6,1711
811,2,1,16.2,25.7,20.95,8.1,1712
812,2,1,16.2,26.8,21.5,17.7,1713
813,2,1,15.9,26.4,21.15,12.9,1714
814,2,1,15.6,25.8,20.7,2.5,1715
815,2,1,16.3,25.0,20.65,2.6,1716
816,2,1,16.4,25.9,21.15,1.7,1717
817,2,1,16.6,26.1,21.35,0.0,1718
818,2,1,15.7,25.3,20.5,0.0,1719
819,2,1,14.2,24.2,19.2,0.1,1720
820,2,1,14.6,23.3,18.95,0.7,1721
821,2,1,17.5,24.2,20.85,0.3,1722
822,2,1,17.6,24.2,20.9,1.2,1723
823,2,1,16.8,25.4,21.1,0.0,1724
824,2,1,15.3,27.4,21.35,0.0,1725
825,2,1,14.3,25.3,19.8,0.0,1726
826,2,1,16.3,25.2,20.75,0.9,1727
827,2,1,15.5,25.1,20.3,0.0,1728
828,2,1,15.4,24.7,20.05,0.3,1729
829,2,1,14.9,26.3,20.6,0.0,1730
830,2,1,16.4,26.5,21.45,2.0,1731
831,2,1,15.9,26.7,21.3,12.4,1732
832,2,1,15.9,26.1,21.0,9.4,1733
833,2,1,16.3,25.7,21.0,0.0,1734
834,2,1,16.5,25.1,20.8,2.7,1735
835,2,1,17.7,25.8,21.75,0.4,1736
836,2,1,18.0,25.9,21.95,2.1,1737
837,2,1,16.6,25.3,20.950000000000003,0.0,1738
838,2,1,15.1,25.3,20.2,0.1,1739
839,2,1,16.8,26.7,21.75,0.0,1740
840,2,1,16.5,26.7,21.6,0.0,1741
841,2,1,16.8,26.6,21.700000000000003,1.5,1742
842,2,1,16.3,27.1,21.700000000000003,7.8,1743
843,2,1,15.9,26.2,21.05,7.7,1744
844,2,1,16.7,27.1,21.9,0.6,1745
845,2,1,17.2,26.1,21.65,0.2,1746
846,2,1,15.3,25.5,20.4,0.0,1747
847,2,1,16.7,25.6,21.15,0.0,1748
848,2,1,15.2,24.7,19.95,1.0,1749
849,2,1,15.3,25.0,20.15,3.0,1750
850,2,1,17.0,23.6,20.3,0.5,1751
851,2,1,16.7,22.4,19.549999999999997,0.7,1752
852,2,1,17.2,23.0,20.1,1.9,1753
853,2,1,16.9,24.6,20.75,0.7,1754
854,2,1,16.4,26.0,21.2,0.2,1755
855,2,1,16.4,26.0,21.2,5.5,1756
856,2,1,15.5,23.8,19.65,1.7,1757
857,2,1,14.0,19.2,16.6,1.6,1758
858,2,1,14.4,21.0,17.7,0.0,1759
859,2,1,13.8,22.7,18.25,0.1,1760
860,2,1,16.0,23.5,19.75,3.8,1761
861,2,1,16.2,23.3,19.75,2.6,1762
862,2,1,15.5,23.9,19.7,0.9,1763
863,2,1,16.2,24.6,20.4,4.1,1764
864,2,1,14.6,22.8,18.7,0.0,1765
865,2,1,14.7,22.3,18.5,0.2,1766
866,2,1,15.1,20.5,17.8,0.1,1767
867,2,1,14.0,21.7,17.85,0.1,1768
868,2,1,14.8,22.8,18.8,0.4,1769
869,2,1,12.7,23.9,18.299999999999997,0.0,1770
870,2,1,14.4,25.7,20.05,0.0,1771
871,2,1,14.8,25.4,20.1,0.0,1772
872,2,1,15.0,23.8,19.4,0.0,1773
873,2,1,13.7,25.9,19.799999999999997,0.0,1774
874,2,1,14.0,21.5,17.75,0.0,1775
875,2,1,11.7,20.9,16.299999999999997,0.0,1776
876,2,1,10.6,19.9,15.25,0.0,1777
877,2,1,11.0,19.2,15.1,0.3,1778
878,2,1,9.8,21.4,15.6,0.0,1779
879,2,1,12.0,22.4,17.2,0.0,1780
880,2,1,12.3,21.0,16.65,0.0,1781
881,2,1,10.9,21.4,16.15,0.0,1782
882,2,1,8.6,21.9,15.25,0.0,1783
883,2,1,9.4,20.8,15.100000000000001,0.0,1784
884,2,1,9.3,22.1,15.700000000000001,0.0,1785
885,2,1,10.7,23.6,17.15,0.0,1786
886,2,1,11.3,24.1,17.700000000000003,0.0,1787
887,2,1,9.9,22.2,16.05,0.0,1788
888,2,1,12.8,21.4,17.1,0.0,1789
889,2,1,13.0,22.5,17.75,0.0,1790
890,2,1,12.9,21.9,17.4,0.2,1791
891,2,1,10.9,20.9,15.899999999999999,0.1,1792
892,2,1,10.3,20.2,15.25,0.0,1793
893,2,1,9.1,22.2,15.649999999999999,0.0,1794
894,2,1,8.2,23.9,16.049999999999997,0.0,1795
895,2,1,12.3,21.3,16.8,0.0,1796
896,2,1,9.9,19.0,14.45,0.0,1797
897,2,1,11.1,17.6,14.350000000000001,0.0,1798
898,2,1,11.8,19.1,15.450000000000001,0.1,1799
899,2,1,10.2,20.3,15.25,0.1,1800
900,2,1,9.5,20.3,14.9,0.0,1801
901,2,2,14.08,14.08,14.08,0.0,1802
1,3,1,5.5,12.0,8.75,6.3,1803
2,3,1,4.6,12.9,8.75,0.2,1804
3,3,1,6.4,12.9,9.65,9.6,1805
4,3,1,10.1,18.1,14.100000000000001,1.3,1806
5,3,1,7.9,13.2,10.55,1.2,1807
6,3,1,5.0,8.8,6.9,9.6,1808
7,3,1,0.6,8.3,4.45,0.0,1809
8,3,1,-2.2,4.3,1.0499999999999998,0.0,1810
9,3,1,1.0,7.3,4.15,1.5,1811
10,3,1,0.2,6.4,3.3000000000000003,0.0,1812
11,3,1,-1.1,4.0,1.45,0.0,1813
12,3,1,-0.5,9.7,4.6,4.1,1814
13,3,1,4.5,12.8,8.65,9.4,1815
14,3,1,0.6,4.0,2.3,0.0,1816
15,3,1,-1.6,5.2,1.8,0.0,1817
16,3,1,-2.3,8.3,3.0000000000000004,0.0,1818
17,3,1,-1.9,7.5,2.8,1.4,1819
18,3,1,3.0,10.9,6.95,1.7,1820
19,3,1,2.5,6.4,4.45,12.7,1821
20,3,1,1.9,9.1,5.5,11.4,1822
21,3,1,0.2,6.2,3.2,0.2,1823
22,3,1,-3.3,5.7,1.2000000000000002,0.1,1824
23,3,1,1.9,3.1,2.5,22.2,1825
24,3,1,-1.0,7.8,3.4,0.0,1826
25,3,1,-2.3,6.1,1.9,4.5,1827
26,3,1,5.4,12.0,8.7,30.0,1828
27,3,1,-1.5,6.2,2.35,0.0,1829
28,3,1,-0.7,11.0,5.15,0.0,1830
29,3,1,0.2,10.6,5.3999999999999995,0.0,1831
30,3,1,2.5,11.8,7.15,0.0,1832
31,3,1,1.6,6.6,4.1,2.5,1833
32,3,1,-3.2,3.3,0.04999999999999982,1.6,1834
33,3,1,-4.3,4.2,-0.04999999999999982,0.0,1835
34,3,1,-8.8,1.0,-3.9000000000000004,0.0,1836
35,3,1,-16.4,-3.8,-10.1,0.0,1837
36,3,1,-4.8,9.2,2.1999999999999997,0.0,1838
37,3,1,-0.9,10.3,4.7,0.0,1839
38,3,1,-4.0,3.8,-0.10000000000000009,0.0,1840
39,3,1,1.4,10.5,5.95,3.3,1841
40,3,1,-1.7,10.1,4.2,0.0,1842
41,3,1,7.8,14.2,11.0,0.0,1843
42,3,1,0.5,6.8,3.65,0.0,1844
43,3,1,-0.5,6.9,3.2,0.0,1845
44,3,1,2.6,13.4,8.0,2.6,1846
45,3,1,2.6,11.5,7.05,0.0,1847
46,3,1,3.1,17.1,10.100000000000001,0.0,1848
47,3,1,9.3,19.3,14.3,2.9,1849
48,3,1,4.3,15.5,9.9,8.1,1850
49,3,1,-2.6,5.8,1.5999999999999999,0.0,1851
50,3,1,-0.3,8.2,3.9499999999999997,0.0,1852
51,3,1,5.6,15.4,10.5,0.0,1853
52,3,1,2.3,10.5,6.4,7.1,1854
53,3,1,-0.7,5.7,2.5,3.7,1855
54,3,1,2.3,7.8,5.05,1.3,1856
55,3,1,0.7,7.5,4.1,0.0,1857
56,3,1,-5.5,0.5,-2.5,0.7,1858
57,3,1,-3.7,10.3,3.3000000000000003,0.0,1859
58,3,1,-2.1,5.0,1.45,0.0,1860
59,3,1,0.1,2.2,1.1500000000000001,16.9,1861
60,3,1,-2.4,5.9,1.7500000000000002,3.2,1862
61,3,1,2.3,13.8,8.05,1.7,1863
62,3,1,-1.5,7.6,3.05,0.1,1864
63,3,1,3.3,7.2,5.25,44.5,1865
64,3,1,-0.3,12.3,6.0,0.0,1866
65,3,1,1.5,10.3,5.9,0.0,1867
66,3,1,1.6,7.5,4.55,2.7,1868
67,3,1,-2.0,9.5,3.75,0.0,1869
68,3,1,-0.4,10.5,5.05,0.0,1870
69,3,1,-1.2,7.5,3.15,0.3,1871
70,3,1,1.8,7.1,4.45,20.1,1872
71,3,1,-1.0,7.9,3.45,0.0,1873
72,3,1,3.7,6.0,4.85,10.4,1874
73,3,1,1.7,4.7,3.2,18.2,1875
74,3,1,0.9,7.1,4.0,0.3,1876
75,3,1,-1.2,13.5,6.15,0.0,1877
76,3,1,2.6,14.4,8.5,0.0,1878
77,3,1,4.1,11.1,7.6,0.7,1879
78,3,1,-2.7,6.6,1.9499999999999997,0.0,1880
79,3,1,-3.2,10.8,3.8000000000000003,0.0,1881
80,3,1,-0.9,15.9,7.5,0.0,1882
81,3,1,2.4,13.4,7.9,0.0,1883
82,3,1,5.3,15.0,10.15,2.8,1884
83,3,1,5.9,14.6,10.25,0.2,1885
84,3,1,3.0,7.7,5.35,11.5,1886
85,3,1,3.3,15.1,9.2,0.0,1887
86,3,1,2.6,14.9,8.75,1.3,1888
87,3,1,3.2,11.3,7.25,1.9,1889
88,3,1,0.0,11.1,5.55,0.0,1890
89,3,1,-1.4,7.6,3.0999999999999996,0.1,1891
90,3,1,-0.7,10.1,4.7,0.0,1892
91,3,1,7.8,19.8,13.8,8.0,1893
92,3,1,3.9,14.4,9.15,2.1,1894
93,3,1,-0.1,13.5,6.7,0.0,1895
94,3,1,6.0,18.8,12.4,0.0,1896
95,3,1,10.0,16.3,13.15,0.4,1897
96,3,1,9.4,26.6,18.0,0.4,1898
97,3,1,9.4,17.8,13.600000000000001,2.9,1899
98,3,1,1.8,10.5,6.15,0.0,1900
99,3,1,1.3,11.8,6.550000000000001,0.0,1901
100,3,1,2.3,17.9,10.1,0.0,1902
101,3,1,6.5,23.1,14.8,0.0,1903
102,3,1,15.6,27.6,21.6,0.0,1904
103,3,1,12.0,31.2,21.6,0.0,1905
104,3,1,13.9,29.7,21.8,0.0,1906
105,3,1,15.0,23.0,19.0,0.7,1907
106,3,1,13.3,21.0,17.15,4.3,1908
107,3,1,11.7,20.1,15.9,3.1,1909
108,3,1,8.8,15.1,11.95,0.1,1910
109,3,1,4.4,17.6,11.0,0.0,1911
110,3,1,5.9,16.0,10.95,0.0,1912
111,3,1,8.2,19.1,13.65,0.0,1913
112,3,1,10.0,19.8,14.9,7.4,1914
113,3,1,12.6,19.3,15.95,26.7,1915
114,3,1,6.4,16.3,11.350000000000001,0.0,1916
115,3,1,5.6,15.3,10.45,0.3,1917
116,3,1,6.2,14.0,10.1,0.9,1918
117,3,1,7.4,13.6,10.5,0.7,1919
118,3,1,6.9,13.1,10.0,1.0,1920
119,3,1,8.8,12.3,10.55,63.3,1921
120,3,1,10.6,15.0,12.8,17.7,1922
121,3,1,7.6,15.8,11.7,7.6,1923
122,3,1,8.5,13.5,11.0,0.8,1924
123,3,1,5.8,12.6,9.2,0.6,1925
124,3,1,6.4,14.5,10.45,0.7,1926
125,3,1,7.0,17.2,12.1,4.6,1927
126,3,1,6.7,21.1,13.9,0.0,1928
127,3,1,9.4,23.9,16.65,0.0,1929
128,3,1,12.9,23.8,18.35,0.0,1930
129,3,1,10.6,19.4,15.0,0.0,1931
130,3,1,7.2,21.3,14.25,0.0,1932
131,3,1,9.6,25.5,17.55,0.0,1933
132,3,1,13.1,29.6,21.35,0.0,1934
133,3,1,17.7,27.5,22.6,0.0,1935
134,3,1,12.7,23.0,17.85,0.0,1936
135,3,1,9.8,25.4,17.6,0.0,1937
136,3,1,12.9,27.8,20.35,0.0,1938
137,3,1,11.5,21.9,16.7,0.0,1939
138,3,1,6.9,14.3,10.600000000000001,0.0,1940
139,3,1,10.6,19.6,15.100000000000001,0.0,1941
140,3,1,13.6,17.5,15.55,26.6,1942
141,3,1,13.1,21.9,17.5,0.9,1943
142,3,1,12.4,23.1,17.75,0.2,1944
143,3,1,11.2,19.5,15.35,0.0,1945
144,3,1,10.0,22.0,16.0,0.0,1946
145,3,1,10.2,19.3,14.75,0.7,1947
146,3,1,10.1,22.3,16.2,0.0,1948
147,3,1,10.0,24.4,17.2,0.0,1949
148,3,1,11.7,23.7,17.7,0.0,1950
149,3,1,13.9,24.8,19.35,0.0,1951
150,3,1,11.8,20.4,16.1,0.0,1952
151,3,1,10.8,22.7,16.75,0.0,1953
152,3,1,12.4,27.5,19.95,0.0,1954
153,3,1,15.2,30.8,23.0,0.0,1955
154,3,1,17.9,22.4,20.15,3.5,1956
155,3,1,10.5,21.5,16.0,0.1,1957
156,3,1,11.6,24.1,17.85,0.0,1958
157,3,1,14.7,25.9,20.299999999999997,0.2,1959
158,3,1,13.3,25.2,19.25,0.0,1960
159,3,1,10.8,22.5,16.65,0.0,1961
160,3,1,11.8,22.9,17.35,0.2,1962
161,3,1,12.4,26.4,19.4,0.7,1963
162,3,1,16.5,27.2,21.85,0.2,1964
163,3,1,19.6,24.1,21.85,2.2,1965
164,3,1,16.2,26.5,21.35,6.3,1966
165,3,1,14.9,24.8,19.85,9.5,1967
166,3,1,15.1,26.3,20.7,0.0,1968
167,3,1,15.2,25.9,20.549999999999997,4.6,1969
168,3,1,14.9,25.5,20.2,6.3,1970
169,3,1,15.8,26.6,21.200000000000003,0.0,1971
170,3,1,16.4,25.3,20.85,1.4,1972
171,3,1,16.5,23.6,20.05,0.0,1973
172,3,1,15.6,23.0,19.3,0.0,1974
173,3,1,15.5,20.4,17.95,0.6,1975
174,3,1,17.1,23.0,20.05,8.2,1976
175,3,1,19.3,25.8,22.55,25.4,1977
176,3,1,18.7,28.6,23.65,1.5,1978
177,3,1,19.2,25.6,22.4,4.3,1979
178,3,1,19.5,26.4,22.95,17.8,1980
179,3,1,19.0,28.7,23.85,3.7,1981
180,3,1,16.3,28.7,22.5,0.0,1982
181,3,1,17.2,29.3,23.25,0.0,1983
182,3,1,17.8,27.0,22.4,0.0,1984
183,3,1,20.4,31.3,25.85,14.5,1985
184,3,1,22.4,31.2,26.799999999999997,15.6,1986
185,3,1,21.4,29.5,25.45,9.2,1987
186,3,1,21.1,32.4,26.75,0.0,1988
187,3,1,21.6,31.4,26.5,0.0,1989
188,3,1,21.9,29.8,25.85,0.5,1990
189,3,1,23.0,29.7,26.35,3.2,1991
190,3,1,21.6,27.0,24.3,16.6,1992
191,3,1,21.7,28.8,25.25,4.5,1993
192,3,1,17.2,31.8,24.5,0.0,1994
193,3,1,19.7,33.1,26.4,0.0,1995
194,3,1,21.4,32.0,26.7,0.2,1996
195,3,1,21.4,28.3,24.85,3.7,1997
196,3,1,20.5,29.6,25.05,40.5,1998
197,3,1,21.9,26.1,24.0,40.8,1999
198,3,1,20.1,31.9,26.0,1.1,2000
199,3,1,21.5,29.7,25.6,8.3,2001
200,3,1,18.9,27.6,23.25,3.8,2002
201,3,1,20.1,28.6,24.35,0.5,2003
202,3,1,21.9,29.6,25.75,3.5,2004
203,3,1,18.6,28.5,23.55,0.0,2005
204,3,1,17.4,30.2,23.799999999999997,0.5,2006
205,3,1,18.7,28.8,23.75,0.0,2007
206,3,1,19.3,28.8,24.05,10.9,2008
207,3,1,17.2,30.2,23.7,0.4,2009
208,3,1,22.4,34.0,28.2,0.7,2010
209,3,1,21.5,34.3,27.9,0.0,2011
210,3,1,24.7,34.0,29.35,2.3,2012
211,3,1,17.8,29.1,23.450000000000003,2.0,2013
212,3,1,15.6,29.6,22.6,0.0,2014
213,3,1,17.1,27.1,22.1,0.0,2015
214,3,1,14.6,27.8,21.2,0.0,2016
215,3,1,15.7,26.4,21.049999999999997,0.9,2017
216,3,1,18.5,27.6,23.05,0.9,2018
217,3,1,18.4,30.8,24.6,0.2,2019
218,3,1,18.2,30.0,24.1,0.0,2020
219,3,1,22.1,27.8,24.950000000000003,22.9,2021
220,3,1,21.7,27.2,24.45,30.2,2022
221,3,1,19.8,29.6,24.700000000000003,0.1,2023
222,3,1,18.9,25.6,22.25,11.9,2024
223,3,1,18.2,29.3,23.75,0.1,2025
224,3,1,17.2,28.2,22.7,6.5,2026
225,3,1,21.6,30.8,26.200000000000003,5.0,2027
226,3,1,18.8,31.0,24.9,1.3,2028
227,3,1,21.3,27.1,24.200000000000003,19.6,2029
228,3,1,20.9,26.7,23.799999999999997,4.6,2030
229,3,1,20.4,25.8,23.1,5.9,2031
230,3,1,21.8,27.0,24.4,3.2,2032
231,3,1,15.5,26.5,21.0,0.0,2033
232,3,1,15.3,30.0,22.65,0.0,2034
233,3,1,18.5,31.2,24.85,0.1,2035
234,3,1,18.0,26.2,22.1,0.0,2036
235,3,1,16.1,25.6,20.85,0.0,2037
236,3,1,19.6,24.5,22.05,1.9,2038
237,3,1,19.8,28.1,23.950000000000003,9.4,2039
238,3,1,20.0,30.3,25.15,2.2,2040
239,3,1,18.5,28.4,23.45,0.7,2041
240,3,1,19.0,25.1,22.05,1.1,2042
241,3,1,17.8,27.7,22.75,1.6,2043
242,3,1,21.6,29.7,25.65,0.7,2044
243,3,1,17.2,25.2,21.2,0.0,2045
244,3,1,13.8,24.5,19.15,0.0,2046
245,3,1,13.0,27.0,20.0,0.0,2047
246,3,1,18.1,32.4,25.25,0.3,2048
247,3,1,19.9,33.9,26.9,0.0,2049
248,3,1,22.2,35.4,28.799999999999997,1.2,2050
249,3,1,23.0,36.0,29.5,0.0,2051
250,3,1,21.6,35.3,28.45,0.0,2052
251,3,1,20.5,31.8,26.15,8.9,2053
252,3,1,20.8,29.3,25.05,11.8,2054
253,3,1,19.7,24.6,22.15,9.4,2055
254,3,1,20.0,27.7,23.85,16.7,2056
255,3,1,19.2,29.0,24.1,0.9,2057
256,3,1,20.6,26.7,23.65,17.0,2058
257,3,1,17.1,25.1,21.1,0.1,2059
258,3,1,13.7,21.5,17.6,0.0,2060
259,3,1,15.3,24.5,19.9,0.0,2061
260,3,1,11.9,24.3,18.1,0.0,2062
261,3,1,18.2,21.6,19.9,14.3,2063
262,3,1,13.5,23.5,18.5,0.1,2064
263,3,1,11.8,23.6,17.700000000000003,0.0,2065
264,3,1,11.6,22.9,17.25,0.0,2066
265,3,1,13.1,22.5,17.8,0.0,2067
266,3,1,13.7,16.9,15.299999999999999,42.1,2068
267,3,1,15.3,19.9,17.6,15.7,2069
268,3,1,15.8,17.4,16.6,19.2,2070
269,3,1,13.7,17.1,15.4,8.6,2071
270,3,1,9.4,17.8,13.600000000000001,0.0,2072
271,3,1,10.8,18.8,14.8,0.1,2073
272,3,1,13.3,17.2,15.25,69.1,2074
273,3,1,13.1,21.8,17.45,1.8,2075
274,3,1,14.2,25.1,19.65,0.0,2076
275,3,1,15.9,25.5,20.7,0.0,2077
276,3,1,13.2,27.5,20.35,0.0,2078
277,3,1,14.9,27.9,21.4,0.0,2079
278,3,1,13.1,24.1,18.6,0.0,2080
279,3,1,17.6,22.5,20.05,1.5,2081
280,3,1,14.5,20.7,17.6,61.5,2082
281,3,1,9.5,17.0,13.25,0.0,2083
282,3,1,7.4,15.7,11.55,0.1,2084
283,3,1,7.9,18.1,13.0,0.0,2085
284,3,1,8.2,20.8,14.5,0.0,2086
285,3,1,7.3,21.1,14.200000000000001,0.0,2087
286,3,1,8.8,17.7,13.25,0.0,2088
287,3,1,9.5,12.5,11.0,13.1,2089
288,3,1,9.8,16.7,13.25,3.2,2090
289,3,1,7.1,17.8,12.45,0.2,2091
290,3,1,8.3,16.9,12.6,0.6,2092
291,3,1,6.9,17.3,12.100000000000001,0.3,2093
292,3,1,7.3,18.1,12.700000000000001,0.0,2094
293,3,1,12.9,17.4,15.149999999999999,25.0,2095
294,3,1,14.0,17.8,15.9,8.1,2096
295,3,1,9.8,14.1,11.95,0.0,2097
296,3,1,7.8,16.2,12.0,0.0,2098
297,3,1,4.4,17.8,11.100000000000001,0.0,2099
298,3,1,7.8,22.1,14.950000000000001,0.0,2100
299,3,1,9.4,26.0,17.7,0.0,2101
300,3,1,12.5,24.7,18.6,0.0,2102
301,3,1,16.4,27.1,21.75,0.0,2103
302,3,1,11.6,20.9,16.25,6.3,2104
303,3,1,10.7,19.2,14.95,2.6,2105
304,3,1,6.8,11.9,9.35,0.0,2106
305,3,1,5.1,9.8,7.45,3.7,2107
306,3,1,-0.2,9.8,4.800000000000001,0.0,2108
307,3,1,0.4,13.2,6.8,0.0,2109
308,3,1,3.7,15.1,9.4,0.0,2110
309,3,1,4.6,17.1,10.850000000000001,0.0,2111
310,3,1,4.0,12.2,8.1,0.1,2112
311,3,1,7.6,20.4,14.0,5.7,2113
312,3,1,4.9,14.8,9.850000000000001,0.0,2114
313,3,1,2.8,15.4,9.1,0.4,2115
314,3,1,6.1,10.9,8.5,0.3,2116
315,3,1,4.1,12.3,8.2,0.0,2117
316,3,1,-0.1,7.2,3.5500000000000003,0.0,2118
317,3,1,-2.0,9.0,3.5,0.0,2119
318,3,1,1.9,11.3,6.6000000000000005,0.0,2120
319,3,1,-1.0,10.9,4.95,0.0,2121
320,3,1,2.0,17.9,9.95,0.0,2122
321,3,1,4.4,19.6,12.0,0.0,2123
322,3,1,6.3,14.8,10.55,1.2,2124
323,3,1,1.2,12.5,6.85,0.0,2125
324,3,1,-0.8,7.2,3.2,0.0,2126
325,3,1,-1.2,8.2,3.4999999999999996,2.1,2127
326,3,1,6.8,14.5,10.65,30.5,2128
327,3,1,5.3,11.3,8.3,0.0,2129
328,3,1,2.4,9.9,6.15,0.0,2130
329,3,1,-3.0,4.3,0.6499999999999999,0.0,2131
330,3,1,-2.5,10.3,3.9000000000000004,1.0,2132
331,3,1,4.4,12.9,8.65,8.9,2133
332,3,1,-1.7,4.3,1.2999999999999998,0.1,2134
333,3,1,-4.3,2.7,-0.7999999999999998,0.0,2135
334,3,1,-2.5,9.7,3.5999999999999996,0.0,2136
335,3,1,-0.1,7.9,3.9000000000000004,1.6,2137
336,3,1,4.5,16.3,10.4,3.8,2138
337,3,1,5.8,10.2,8.0,15.6,2139
338,3,1,5.0,11.0,8.0,0.6,2140
339,3,1,1.6,6.7,4.15,0.0,2141
340,3,1,-2.1,5.1,1.4999999999999998,0.1,2142
341,3,1,-3.2,3.6,0.19999999999999996,0.0,2143
342,3,1,-1.9,9.2,3.6499999999999995,0.0,2144
343,3,1,1.2,13.6,7.3999999999999995,0.0,2145
344,3,1,5.1,17.1,11.100000000000001,16.3,2146
345,3,1,3.8,15.5,9.65,38.7,2147
346,3,1,-2.2,6.3,2.05,0.0,2148
347,3,1,0.1,7.6,3.8499999999999996,0.0,2149
348,3,1,-3.1,4.7,0.8,0.0,2150
349,3,1,-0.5,12.6,6.05,0.0,2151
350,3,1,3.0,11.6,7.3,0.0,2152
351,3,1,4.7,12.3,8.5,10.8,2153
352,3,1,8.3,15.7,12.0,84.9,2154
353,3,1,1.5,7.5,4.5,0.0,2155
354,3,1,-3.6,7.7,2.05,0.0,2156
355,3,1,-0.8,4.5,1.85,0.0,2157
356,3,1,-5.5,2.8,-1.35,0.0,2158
357,3,1,-3.3,6.1,1.4,0.0,2159
358,3,1,0.9,8.8,4.8500000000000005,0.5,2160
359,3,1,1.4,11.7,6.55,0.0,2161
360,3,1,3.1,7.8,5.45,0.0,2162
361,3,1,4.9,9.1,7.0,2.9,2163
362,3,1,7.7,11.8,9.75,40.6,2164
363,3,1,7.7,13.5,10.6,2.2,2165
364,3,1,1.4,8.9,5.15,0.0,2166
365,3,1,-1.9,6.6,2.3499999999999996,0.1,2167
366,3,1,0.3,7.7,4.0,0.0,2168
367,3,1,-4.5,5.8,0.6499999999999999,0.0,2169
368,3,1,-2.2,7.8,2.8,0.0,2170
369,3,1,-0.6,6.9,3.1500000000000004,0.0,2171
370,3,1,-5.3,3.2,-1.0499999999999998,0.0,2172
371,3,1,-5.1,2.8,-1.15,3.7,2173
372,3,1,0.8,2.6,1.7000000000000002,14.6,2174
373,3,1,-0.9,6.4,2.75,0.0,2175
374,3,1,-4.5,9.6,2.55,9.8,2176
375,3,1,6.3,13.9,10.1,49.9,2177
376,3,1,0.1,8.2,4.1499999999999995,0.0,2178
377,3,1,-1.9,8.2,3.1499999999999995,0.0,2179
378,3,1,4.3,14.7,9.5,23.7,2180
379,3,1,-2.0,6.4,2.2,0.5,2181
380,3,1,-5.8,-0.7,-3.25,0.0,2182
381,3,1,-4.0,-0.8,-2.4,10.3,2183
382,3,1,-8.9,-2.0,-5.45,0.0,2184
383,3,1,-6.7,0.5,-3.1,0.3,2185
384,3,1,-3.0,-0.8,-1.9,2.7,2186
385,3,1,-8.1,-3.3,-5.699999999999999,0.0,2187
386,3,1,-7.4,-1.1,-4.25,0.0,2188
387,3,1,-6.9,3.7,-1.6,0.0,2189
388,3,1,-2.4,4.6,1.0999999999999999,1.7,2190
389,3,1,-0.5,5.6,2.55,2.4,2191
390,3,1,3.8,11.4,7.6,6.3,2192
391,3,1,5.5,8.4,6.95,4.7,2193
392,3,1,2.8,8.6,5.699999999999999,0.0,2194
393,3,1,2.7,6.3,4.5,20.8,2195
394,3,1,2.0,5.9,3.95,1.2,2196
395,3,1,-3.9,4.4,0.2500000000000002,0.0,2197
396,3,1,1.1,4.5,2.8,0.2,2198
397,3,1,-3.3,9.1,2.9,0.0,2199
398,3,1,3.4,6.1,4.75,6.9,2200
399,3,1,-3.1,6.1,1.4999999999999998,0.0,2201
400,3,1,-3.7,7.6,1.9499999999999997,0.0,2202
401,3,1,-3.2,7.1,1.9499999999999997,0.0,2203
402,3,1,-4.8,5.7,0.4500000000000002,0.0,2204
403,3,1,-3.6,8.2,2.3,0.0,2205
404,3,1,-3.7,10.1,3.1999999999999997,0.0,2206
405,3,1,1.0,11.4,6.2,0.0,2207
406,3,1,1.9,15.9,8.9,0.0,2208
407,3,1,3.7,10.5,7.1,0.1,2209
408,3,1,-1.7,9.2,3.7499999999999996,0.0,2210
409,3,1,-0.7,5.2,2.25,27.8,2211
410,3,1,-4.2,0.9,-1.6500000000000001,0.0,2212
411,3,1,-5.3,2.9,-1.2,0.0,2213
412,3,1,-1.9,5.1,1.5999999999999999,0.2,2214
413,3,1,-2.0,2.3,0.1499999999999999,5.9,2215
414,3,1,-6.2,5.0,-0.6000000000000001,0.0,2216
415,3,1,-4.0,4.2,0.10000000000000009,0.0,2217
416,3,1,-6.4,2.4,-2.0,0.0,2218
417,3,1,-5.5,4.6,-0.4500000000000002,0.0,2219
418,3,1,-5.0,6.9,0.9500000000000002,0.0,2220
419,3,1,1.4,8.3,4.8500000000000005,3.4,2221
420,3,1,0.8,5.6,3.1999999999999997,0.0,2222
421,3,1,-7.3,4.1,-1.6,0.0,2223
422,3,1,-2.1,11.5,4.7,2.9,2224
423,3,1,0.0,14.0,7.0,0.0,2225
424,3,1,9.8,17.2,13.5,15.5,2226
425,3,1,-2.7,15.1,6.199999999999999,4.1,2227
426,3,1,-4.3,6.0,0.8500000000000001,0.0,2228
427,3,1,1.9,10.2,6.05,27.1,2229
428,3,1,6.0,18.8,12.4,1.0,2230
429,3,1,3.8,14.4,9.1,0.0,2231
430,3,1,4.0,8.5,6.25,20.3,2232
431,3,1,3.7,9.9,6.800000000000001,14.6,2233
432,3,1,7.6,12.7,10.149999999999999,22.1,2234
433,3,1,0.9,12.5,6.7,0.0,2235
434,3,1,3.8,6.3,5.05,6.2,2236
435,3,1,5.8,10.9,8.35,43.4,2237
436,3,1,1.1,10.2,5.6499999999999995,0.0,2238
437,3,1,2.6,17.6,10.100000000000001,0.0,2239
438,3,1,2.5,15.5,9.0,0.0,2240
439,3,1,4.1,21.3,12.7,0.0,2241
440,3,1,9.4,21.7,15.55,0.8,2242
441,3,1,4.9,14.4,9.65,0.1,2243
442,3,1,7.3,15.9,11.6,0.4,2244
443,3,1,4.3,9.6,6.949999999999999,0.0,2245
444,3,1,0.3,7.6,3.9499999999999997,0.0,2246
445,3,1,1.2,12.0,6.6,3.3,2247
446,3,1,-3.6,6.6,1.4999999999999998,0.0,2248
447,3,1,-5.1,5.7,0.30000000000000027,0.0,2249
448,3,1,3.1,10.1,6.6,63.6,2250
449,3,1,-2.3,8.7,3.1999999999999997,0.0,2251
450,3,1,-1.4,10.3,4.45,0.0,2252
451,3,1,0.2,10.0,5.1,0.0,2253
452,3,1,4.9,11.0,7.95,0.6,2254
453,3,1,7.3,10.8,9.05,19.5,2255
454,3,1,4.0,12.7,8.35,2.4,2256
455,3,1,2.5,14.7,8.6,0.0,2257
456,3,1,4.6,16.3,10.45,0.3,2258
457,3,1,5.6,12.7,9.149999999999999,3.3,2259
458,3,1,6.3,9.9,8.1,18.0,2260
459,3,1,5.1,6.9,6.0,22.8,2261
460,3,1,3.1,9.3,6.2,12.3,2262
461,3,1,1.7,9.6,5.6499999999999995,0.6,2263
462,3,1,3.2,11.6,7.4,0.2,2264
463,3,1,1.6,14.4,8.0,0.1,2265
464,3,1,0.9,18.1,9.5,0.9,2266
465,3,1,5.0,24.1,14.55,0.1,2267
466,3,1,8.3,16.0,12.15,0.6,2268
467,3,1,9.4,17.2,13.3,4.2,2269
468,3,1,13.2,19.7,16.45,17.2,2270
469,3,1,7.8,14.0,10.9,2.0,2271
470,3,1,6.0,22.3,14.15,0.8,2272
471,3,1,10.5,24.8,17.65,0.1,2273
472,3,1,7.0,20.6,13.8,0.0,2274
473,3,1,7.5,17.8,12.65,1.2,2275
474,3,1,8.4,10.2,9.3,8.0,2276
475,3,1,4.1,13.3,8.7,0.0,2277
476,3,1,8.5,20.2,14.35,2.3,2278
477,3,1,2.2,13.9,8.05,0.0,2279
478,3,1,2.2,15.1,8.65,0.0,2280
479,3,1,2.2,14.9,8.55,0.0,2281
480,3,1,8.7,21.5,15.1,1.6,2282
481,3,1,3.3,13.4,8.35,0.0,2283
482,3,1,1.8,14.6,8.2,0.0,2284
483,3,1,3.1,14.6,8.85,0.0,2285
484,3,1,8.9,22.9,15.899999999999999,0.3,2286
485,3,1,13.9,28.4,21.15,4.0,2287
486,3,1,11.7,23.0,17.35,0.0,2288
487,3,1,10.6,24.8,17.7,3.7,2289
488,3,1,10.3,27.9,19.1,0.0,2290
489,3,1,10.7,22.4,16.549999999999997,0.0,2291
490,3,1,7.9,16.6,12.25,0.0,2292
491,3,1,9.2,12.1,10.649999999999999,5.9,2293
492,3,1,11.7,22.7,17.2,3.5,2294
493,3,1,12.3,26.2,19.25,0.0,2295
494,3,1,16.0,30.9,23.45,0.0,2296
495,3,1,14.4,25.3,19.85,0.0,2297
496,3,1,9.5,17.1,13.3,11.5,2298
497,3,1,6.6,16.6,11.600000000000001,1.4,2299
498,3,1,9.4,13.5,11.45,7.6,2300
499,3,1,5.9,20.1,13.0,0.0,2301
500,3,1,9.5,22.6,16.05,0.7,2302
501,3,1,13.6,19.8,16.7,8.6,2303
502,3,1,14.8,19.1,16.950000000000003,5.1,2304
503,3,1,12.2,22.7,17.45,0.4,2305
504,3,1,13.3,22.9,18.1,1.2,2306
505,3,1,13.0,23.4,18.2,1.2,2307
506,3,1,10.8,23.9,17.35,0.0,2308
507,3,1,12.4,27.2,19.8,0.0,2309
508,3,1,15.8,28.6,22.200000000000003,0.0,2310
509,3,1,19.0,27.2,23.1,3.0,2311
510,3,1,15.9,29.4,22.65,0.0,2312
511,3,1,14.0,26.1,20.05,0.0,2313
512,3,1,15.8,26.1,20.950000000000003,0.2,2314
513,3,1,17.2,22.6,19.9,13.4,2315
514,3,1,18.6,27.2,22.9,21.2,2316
515,3,1,14.1,25.2,19.65,0.8,2317
516,3,1,14.0,21.8,17.9,13.8,2318
517,3,1,13.3,25.1,19.200000000000003,0.0,2319
518,3,1,13.2,28.2,20.7,0.0,2320
519,3,1,14.3,27.4,20.85,0.0,2321
520,3,1,17.6,30.1,23.85,0.2,2322
521,3,1,16.6,25.7,21.15,0.0,2323
522,3,1,14.8,26.3,20.55,0.2,2324
523,3,1,19.5,27.8,23.65,46.9,2325
524,3,1,17.6,28.6,23.1,0.5,2326
525,3,1,15.5,25.4,20.45,0.0,2327
526,3,1,14.6,25.5,20.05,0.1,2328
527,3,1,14.7,24.5,19.6,0.0,2329
528,3,1,14.0,23.4,18.7,1.1,2330
529,3,1,14.6,25.9,20.25,0.0,2331
530,3,1,14.0,29.1,21.55,0.0,2332
531,3,1,19.5,29.7,24.6,14.9,2333
532,3,1,17.2,27.5,22.35,4.0,2334
533,3,1,14.6,24.1,19.35,0.0,2335
534,3,1,16.2,29.6,22.9,0.0,2336
535,3,1,20.6,30.0,25.3,0.0,2337
536,3,1,19.9,31.2,25.549999999999997,0.0,2338
537,3,1,19.9,33.5,26.7,0.0,2339
538,3,1,22.8,35.6,29.200000000000003,0.0,2340
539,3,1,22.4,34.7,28.55,3.2,2341
540,3,1,22.7,36.4,29.549999999999997,1.9,2342
541,3,1,24.4,32.5,28.45,0.0,2343
542,3,1,20.2,33.9,27.049999999999997,0.0,2344
543,3,1,23.3,35.9,29.6,0.0,2345
544,3,1,22.0,30.5,26.25,10.7,2346
545,3,1,15.5,26.8,21.15,0.0,2347
546,3,1,17.9,27.0,22.45,0.6,2348
547,3,1,23.4,33.5,28.45,15.3,2349
548,3,1,16.6,27.0,21.8,6.7,2350
549,3,1,16.5,28.8,22.65,0.0,2351
550,3,1,17.3,28.2,22.75,0.0,2352
551,3,1,19.5,30.6,25.05,0.1,2353
552,3,1,22.2,32.3,27.25,3.4,2354
553,3,1,23.0,33.3,28.15,3.2,2355
554,3,1,23.9,32.7,28.3,1.6,2356
555,3,1,23.4,33.1,28.25,0.0,2357
556,3,1,22.5,31.1,26.8,0.2,2358
557,3,1,24.8,32.2,28.5,0.3,2359
558,3,1,24.5,34.6,29.55,5.6,2360
559,3,1,21.9,29.6,25.75,4.9,2361
560,3,1,21.7,30.9,26.299999999999997,28.6,2362
561,3,1,22.0,31.5,26.75,1.2,2363
562,3,1,23.2,35.3,29.25,0.1,2364
563,3,1,22.8,35.3,29.049999999999997,0.9,2365
564,3,1,24.5,32.2,28.35,20.5,2366
565,3,1,21.5,31.0,26.25,13.9,2367
566,3,1,18.1,29.0,23.55,0.0,2368
567,3,1,17.9,28.9,23.4,2.1,2369
568,3,1,19.8,31.5,25.65,0.1,2370
569,3,1,21.2,28.5,24.85,1.3,2371
570,3,1,21.2,29.7,25.45,6.5,2372
571,3,1,22.0,29.6,25.8,0.6,2373
572,3,1,20.8,30.8,25.8,8.2,2374
573,3,1,18.3,29.5,23.9,0.0,2375
574,3,1,17.8,30.1,23.950000000000003,0.0,2376
575,3,1,18.2,31.6,24.9,0.0,2377
576,3,1,21.7,29.6,25.65,4.0,2378
577,3,1,21.5,32.2,26.85,0.0,2379
578,3,1,23.3,32.1,27.700000000000003,9.8,2380
579,3,1,20.6,35.0,27.8,0.2,2381
580,3,1,23.8,33.1,28.450000000000003,9.9,2382
581,3,1,23.6,33.2,28.400000000000002,11.7,2383
582,3,1,23.2,28.4,25.799999999999997,15.2,2384
583,3,1,20.5,32.1,26.3,0.0,2385
584,3,1,22.9,32.7,27.8,26.7,2386
585,3,1,19.9,24.0,21.95,21.4,2387
586,3,1,18.3,23.5,20.9,17.5,2388
587,3,1,20.7,28.6,24.65,24.8,2389
588,3,1,21.9,29.6,25.75,1.5,2390
589,3,1,19.2,27.6,23.4,0.0,2391
590,3,1,16.5,26.5,21.5,0.0,2392
591,3,1,16.6,27.2,21.9,0.0,2393
592,3,1,17.7,28.6,23.15,0.0,2394
593,3,1,17.3,30.4,23.85,0.1,2395
594,3,1,18.5,30.5,24.5,0.0,2396
595,3,1,20.9,26.6,23.75,0.4,2397
596,3,1,21.7,25.8,23.75,23.0,2398
597,3,1,20.4,28.6,24.5,38.2,2399
598,3,1,17.0,23.0,20.0,0.3,2400
599,3,1,13.1,22.8,17.95,0.0,2401
600,3,1,12.7,24.7,18.7,0.0,2402
601,3,1,13.5,27.6,20.55,0.0,2403
602,3,1,14.9,30.0,22.45,0.0,2404
603,3,1,16.5,30.3,23.4,0.2,2405
604,3,1,18.3,30.0,24.15,0.9,2406
605,3,1,17.9,30.0,23.95,0.0,2407
606,3,1,21.6,34.3,27.95,0.0,2408
607,3,1,20.3,30.4,25.35,4.2,2409
608,3,1,18.4,24.0,21.2,4.3,2410
609,3,1,17.9,25.9,21.9,0.9,2411
610,3,1,21.0,29.2,25.1,4.8,2412
611,3,1,18.9,26.3,22.6,0.0,2413
612,3,1,12.4,23.1,17.75,0.0,2414
613,3,1,12.4,25.2,18.8,0.0,2415
614,3,1,12.8,25.7,19.25,0.0,2416
615,3,1,14.7,26.6,20.65,0.1,2417
616,3,1,17.7,24.6,21.15,3.1,2418
617,3,1,11.5,21.9,16.7,0.0,2419
618,3,1,10.6,25.1,17.85,0.0,2420
619,3,1,13.8,26.2,20.0,0.0,2421
620,3,1,12.1,25.6,18.85,0.0,2422
621,3,1,14.9,26.4,20.65,0.0,2423
622,3,1,14.0,27.5,20.75,0.0,2424
623,3,1,15.0,29.7,22.35,0.0,2425
624,3,1,17.0,28.2,22.6,0.0,2426
625,3,1,13.2,25.8,19.5,0.0,2427
626,3,1,14.9,27.3,21.1,0.0,2428
627,3,1,18.0,23.9,20.95,0.0,2429
628,3,1,16.4,29.8,23.1,0.0,2430
629,3,1,17.5,27.8,22.65,0.0,2431
630,3,1,15.5,27.2,21.35,0.0,2432
631,3,1,13.7,25.4,19.549999999999997,0.0,2433
632,3,1,13.3,21.2,17.25,0.1,2434
633,3,1,14.0,20.3,17.15,0.0,2435
634,3,1,16.1,20.8,18.450000000000003,1.1,2436
635,3,1,17.2,23.4,20.299999999999997,4.4,2437
636,3,1,19.1,22.4,20.75,0.4,2438
637,3,1,17.0,20.1,18.55,12.4,2439
638,3,1,16.1,18.7,17.4,3.0,2440
639,3,1,14.4,23.0,18.7,0.0,2441
640,3,1,14.8,22.3,18.55,0.0,2442
641,3,1,13.1,20.8,16.95,0.0,2443
642,3,1,15.3,22.4,18.85,0.1,2444
643,3,1,12.4,23.5,17.95,0.0,2445
644,3,1,15.6,24.1,19.85,0.6,2446
645,3,1,10.1,21.9,16.0,0.0,2447
646,3,1,16.0,23.7,19.85,5.5,2448
647,3,1,10.5,21.0,15.75,0.0,2449
648,3,1,9.3,20.3,14.8,0.0,2450
649,3,1,7.8,18.1,12.950000000000001,0.1,2451
650,3,1,6.5,21.2,13.85,0.0,2452
651,3,1,14.1,23.2,18.65,0.0,2453
652,3,1,9.8,23.7,16.75,0.0,2454
653,3,1,10.7,20.8,15.75,0.0,2455
654,3,1,5.5,14.8,10.15,0.2,2456
655,3,1,5.5,15.6,10.55,0.0,2457
656,3,1,3.7,15.3,9.5,0.0,2458
657,3,1,6.9,19.6,13.25,0.0,2459
658,3,1,7.1,21.7,14.399999999999999,0.0,2460
659,3,1,5.9,24.7,15.3,0.0,2461
660,3,1,7.8,27.9,17.849999999999998,0.0,2462
661,3,1,12.8,27.8,20.3,0.0,2463
662,3,1,11.0,25.4,18.2,0.0,2464
663,3,1,14.6,20.8,17.7,0.6,2465
664,3,1,6.5,18.2,12.35,0.0,2466
665,3,1,9.7,18.4,14.049999999999999,0.0,2467
666,3,1,4.9,14.9,9.9,0.0,2468
667,3,1,3.0,16.3,9.65,0.0,2469
668,3,1,6.1,17.6,11.850000000000001,1.0,2470
669,3,1,11.1,26.0,18.55,0.1,2471
670,3,1,12.1,28.3,20.2,0.0,2472
671,3,1,19.3,26.7,23.0,0.3,2473
672,3,1,9.4,18.1,13.75,0.0,2474
673,3,1,3.8,13.3,8.55,0.0,2475
674,3,1,3.5,14.4,8.95,0.0,2476
675,3,1,8.8,22.6,15.700000000000001,0.0,2477
676,3,1,16.5,27.0,21.75,0.0,2478
677,3,1,15.4,23.1,19.25,0.0,2479
678,3,1,6.8,20.7,13.75,0.0,2480
679,3,1,4.6,16.2,10.399999999999999,0.0,2481
680,3,1,2.4,14.5,8.45,0.0,2482
681,3,1,12.6,21.1,16.85,4.0,2483
682,3,1,8.0,15.5,11.75,0.0,2484
683,3,1,1.5,9.2,5.35,0.0,2485
684,3,1,1.4,7.9,4.65,0.0,2486
685,3,1,3.1,14.8,8.950000000000001,0.0,2487
686,3,1,6.3,16.5,11.4,0.0,2488
687,3,1,6.6,18.1,12.350000000000001,0.0,2489
688,3,1,7.7,18.0,12.85,0.0,2490
689,3,1,6.0,14.8,10.4,0.0,2491
690,3,1,7.3,16.0,11.65,0.0,2492
691,3,1,7.9,12.6,10.25,32.7,2493
692,3,1,2.8,6.7,4.75,21.4,2494
693,3,1,2.2,8.9,5.550000000000001,4.5,2495
694,3,1,5.6,11.0,8.3,0.0,2496
695,3,1,2.3,10.9,6.6,0.0,2497
696,3,1,7.3,14.9,11.1,3.7,2498
697,3,1,2.4,10.4,6.4,0.0,2499
698,3,1,5.0,11.8,8.4,13.1,2500
699,3,1,1.2,7.9,4.55,0.2,2501
700,3,1,-2.1,3.6,0.75,0.0,2502
701,3,1,-3.6,2.8,-0.40000000000000013,0.0,2503
702,3,1,-3.1,4.0,0.44999999999999996,0.0,2504
703,3,1,-2.2,5.2,1.5,0.0,2505
704,3,1,-3.2,2.8,-0.20000000000000018,0.0,2506
705,3,1,1.3,4.7,3.0,3.6,2507
706,3,1,-2.0,0.6,-0.7,0.0,2508
707,3,1,-2.6,4.7,1.05,0.0,2509
708,3,1,1.5,11.4,6.45,0.0,2510
709,3,1,1.1,10.5,5.8,7.4,2511
710,3,1,5.8,10.7,8.25,0.0,2512
711,3,1,9.8,16.2,13.0,27.8,2513
712,3,1,-0.7,14.4,6.8500000000000005,8.7,2514
713,3,1,-3.9,0.3,-1.8,0.0,2515
714,3,1,-5.5,0.7,-2.4,0.0,2516
715,3,1,-4.9,3.1,-0.9000000000000001,0.0,2517
716,3,1,0.8,9.6,5.2,15.5,2518
717,3,1,8.6,14.8,11.7,4.7,2519
718,3,1,1.5,10.0,5.75,0.1,2520
719,3,1,2.9,8.8,5.8500000000000005,5.0,2521
720,3,1,-0.7,2.6,0.9500000000000001,1.2,2522
721,3,1,-4.7,1.3,-1.7000000000000002,4.6,2523
722,3,1,-10.7,-5.3,-8.0,0.0,2524
723,3,1,-14.8,-5.9,-10.350000000000001,0.0,2525
724,3,1,-8.1,1.5,-3.3,1.9,2526
725,3,1,-6.2,1.5,-2.35,0.0,2527
726,3,1,-8.1,-0.2,-4.1499999999999995,0.0,2528
727,3,1,-9.3,2.1,-3.6000000000000005,0.0,2529
728,3,1,-0.6,7.3,3.35,5.4,2530
729,3,1,4.5,16.2,10.35,2.9,2531
730,3,1,9.0,13.1,11.05,5.8,2532
731,3,1,1.5,9.8,5.65,0.0,2533
732,3,1,5.0,11.0,8.0,10.4,2534
733,3,1,0.4,5.5,2.95,0.0,2535
734,3,1,-1.8,3.3,0.7499999999999999,0.0,2536
735,3,1,-2.4,1.0,-0.7,0.0,2537
736,3,1,-3.5,0.4,-1.55,0.0,2538
737,3,1,-2.7,-1.5,-2.1,1.7,2539
738,3,1,-8.6,-2.7,-5.65,0.0,2540
739,3,1,-6.1,-2.4,-4.25,0.0,2541
740,3,1,-6.7,-1.4,-4.05,0.0,2542
741,3,1,-3.8,3.4,-0.19999999999999996,0.0,2543
742,3,1,-2.8,0.5,-1.15,2.0,2544
743,3,1,-1.9,4.9,1.5000000000000002,0.0,2545
744,3,1,-1.8,6.7,2.45,0.0,2546
745,3,1,-3.6,1.3,-1.15,0.0,2547
746,3,1,-5.6,-1.0,-3.3,0.0,2548
747,3,1,-5.8,-0.5,-3.15,0.2,2549
748,3,1,-4.9,5.1,0.09999999999999964,0.1,2550
749,3,1,-0.8,6.6,2.9,2.1,2551
750,3,1,-0.7,4.4,1.85,3.3,2552
751,3,1,-10.0,-1.2,-5.6,5.7,2553
752,3,1,-15.7,-7.9,-11.8,0.1,2554
753,3,1,-16.6,-8.1,-12.350000000000001,0.3,2555
754,3,1,-13.0,-3.4,-8.2,0.0,2556
755,3,1,-10.6,-1.0,-5.8,0.0,2557
756,3,1,-12.9,-1.9,-7.4,0.0,2558
757,3,1,-5.5,4.2,-0.6499999999999999,0.0,2559
758,3,1,-4.8,2.1,-1.3499999999999999,0.0,2560
759,3,1,-2.5,4.5,1.0,0.0,2561
760,3,1,-2.9,9.2,3.1499999999999995,0.0,2562
761,3,1,-6.2,3.0,-1.6,0.0,2563
762,3,1,-0.9,6.1,2.5999999999999996,6.1,2564
763,3,1,-4.2,6.3,1.0499999999999998,6.6,2565
764,3,1,-9.5,0.6,-4.45,0.0,2566
765,3,1,-3.0,6.2,1.6,1.5,2567
766,3,1,0.7,6.2,3.45,0.3,2568
767,3,1,-3.4,1.9,-0.75,0.0,2569
768,3,1,-1.8,4.5,1.35,8.5,2570
769,3,1,-1.6,5.2,1.8,0.0,2571
770,3,1,-4.3,1.2,-1.5499999999999998,0.0,2572
771,3,1,-2.1,1.5,-0.30000000000000004,14.2,2573
772,3,1,-4.9,0.6,-2.1500000000000004,0.0,2574
773,3,1,-9.1,-0.1,-4.6,0.1,2575
774,3,1,-2.1,0.5,-0.8,4.6,2576
775,3,1,0.2,7.3,3.75,7.6,2577
776,3,1,-2.4,4.7,1.1500000000000001,0.0,2578
777,3,1,-3.9,1.8,-1.0499999999999998,2.6,2579
778,3,1,0.5,6.8,3.65,27.4,2580
779,3,1,-3.4,7.5,2.05,0.0,2581
780,3,1,-8.3,-1.5,-4.9,0.0,2582
781,3,1,-9.1,-1.0,-5.05,0.0,2583
782,3,1,-8.6,-1.0,-4.8,0.4,2584
783,3,1,-6.3,-0.2,-3.25,0.5,2585
784,3,1,-7.3,3.8,-1.75,0.0,2586
785,3,1,-1.7,8.0,3.15,0.0,2587
786,3,1,-1.7,8.4,3.35,0.0,2588
787,3,1,3.7,12.6,8.15,0.0,2589
788,3,1,2.5,13.9,8.2,0.0,2590
789,3,1,4.8,12.2,8.5,9.3,2591
790,3,1,2.0,11.4,6.7,0.0,2592
791,3,1,3.0,16.1,9.55,0.0,2593
792,3,1,-7.2,1.9,-2.6500000000000004,0.0,2594
793,3,1,-5.5,3.8,-0.8500000000000001,0.0,2595
794,3,1,-1.9,13.0,5.55,0.0,2596
795,3,1,5.8,12.7,9.25,9.7,2597
796,3,1,6.6,12.3,9.45,32.4,2598
797,3,1,-0.7,8.3,3.8000000000000003,0.0,2599
798,3,1,1.1,6.3,3.7,0.0,2600
799,3,1,-2.2,10.5,4.15,0.0,2601
800,3,1,3.8,17.2,10.5,0.0,2602
801,3,1,2.9,16.2,9.549999999999999,0.0,2603
802,3,1,3.2,11.4,7.300000000000001,0.0,2604
803,3,1,2.1,10.5,6.3,0.0,2605
804,3,1,0.9,13.0,6.95,0.0,2606
805,3,1,3.7,9.3,6.5,0.1,2607
806,3,1,7.1,15.4,11.25,0.4,2608
807,3,1,7.9,16.0,11.95,39.1,2609
808,3,1,0.8,14.2,7.5,0.0,2610
809,3,1,2.9,14.3,8.6,0.0,2611
810,3,1,5.6,10.2,7.8999999999999995,0.0,2612
811,3,1,2.6,9.4,6.0,18.7,2613
812,3,1,2.6,16.5,9.55,0.0,2614
813,3,1,-2.3,9.9,3.8000000000000003,0.0,2615
814,3,1,4.2,10.7,7.449999999999999,13.7,2616
815,3,1,5.0,14.3,9.65,0.0,2617
816,3,1,2.2,10.3,6.25,0.3,2618
817,3,1,-0.4,10.0,4.8,0.0,2619
818,3,1,4.7,15.8,10.25,0.0,2620
819,3,1,10.3,26.4,18.35,6.8,2621
820,3,1,5.8,14.0,9.9,1.8,2622
821,3,1,8.1,24.1,16.1,21.1,2623
822,3,1,4.6,17.6,11.100000000000001,25.0,2624
823,3,1,0.3,8.6,4.45,0.0,2625
824,3,1,5.6,22.4,14.0,1.5,2626
825,3,1,12.9,21.8,17.35,7.2,2627
826,3,1,8.8,15.2,12.0,1.4,2628
827,3,1,6.1,15.6,10.85,3.2,2629
828,3,1,4.5,11.2,7.85,8.5,2630
829,3,1,2.3,6.8,4.55,0.0,2631
830,3,1,-1.5,8.5,3.5,0.0,2632
831,3,1,1.8,9.6,5.7,0.3,2633
832,3,1,4.6,7.5,6.05,7.3,2634
833,3,1,1.7,5.8,3.75,21.9,2635
834,3,1,4.0,14.1,9.05,0.1,2636
835,3,1,5.0,16.4,10.7,0.0,2637
836,3,1,9.6,18.9,14.25,1.4,2638
837,3,1,5.4,12.4,8.9,0.0,2639
838,3,1,3.5,15.7,9.6,0.0,2640
839,3,1,4.2,18.5,11.35,0.0,2641
840,3,1,15.0,27.2,21.1,0.1,2642
841,3,1,10.9,24.2,17.55,0.0,2643
842,3,1,7.4,14.2,10.8,0.0,2644
843,3,1,10.5,27.2,18.85,0.4,2645
844,3,1,9.8,25.2,17.5,0.0,2646
845,3,1,11.5,26.3,18.9,0.0,2647
846,3,1,14.4,25.0,19.7,0.0,2648
847,3,1,16.3,22.3,19.3,13.0,2649
848,3,1,8.4,18.5,13.45,0.2,2650
849,3,1,9.2,22.7,15.95,0.0,2651
850,3,1,11.2,27.2,19.2,0.0,2652
851,3,1,17.3,23.1,20.200000000000003,0.0,2653
852,3,1,10.3,21.3,15.8,0.0,2654
853,3,1,14.3,30.2,22.25,0.0,2655
854,3,1,18.6,29.1,23.85,8.3,2656
855,3,1,15.6,21.9,18.75,11.7,2657
856,3,1,14.9,20.3,17.6,12.0,2658
857,3,1,14.1,19.2,16.65,24.3,2659
858,3,1,13.9,22.6,18.25,0.3,2660
859,3,1,13.6,24.4,19.0,0.4,2661
860,3,1,12.3,18.6,15.450000000000001,14.6,2662
861,3,1,10.2,20.7,15.45,0.0,2663
862,3,1,11.4,23.5,17.45,0.0,2664
863,3,1,10.9,20.4,15.649999999999999,0.0,2665
864,3,1,14.9,20.5,17.7,1.8,2666
865,3,1,15.0,19.3,17.15,27.6,2667
866,3,1,15.7,23.0,19.35,5.1,2668
867,3,1,15.3,22.4,18.85,0.9,2669
868,3,1,17.4,26.9,22.15,2.5,2670
869,3,1,15.0,23.5,19.25,0.5,2671
870,3,1,12.2,20.2,16.2,0.0,2672
871,3,1,8.7,18.7,13.7,0.0,2673
872,3,1,11.3,15.7,13.5,3.3,2674
873,3,1,9.4,12.6,11.0,22.7,2675
874,3,1,8.8,16.9,12.85,2.1,2676
875,3,1,8.6,17.1,12.850000000000001,2.4,2677
876,3,1,10.4,19.3,14.850000000000001,0.0,2678
877,3,1,10.5,22.3,16.4,0.0,2679
878,3,1,11.9,25.7,18.8,0.0,2680
879,3,1,14.0,20.0,17.0,3.9,2681
880,3,1,12.5,21.7,17.1,9.6,2682
881,3,1,16.3,23.5,19.9,5.4,2683
882,3,1,14.6,19.5,17.05,41.7,2684
883,3,1,9.7,18.9,14.299999999999999,0.0,2685
884,3,1,10.0,21.7,15.85,0.0,2686
885,3,1,11.4,26.8,19.1,0.0,2687
886,3,1,14.7,29.8,22.25,0.0,2688
887,3,1,20.3,35.0,27.65,0.0,2689
888,3,1,21.7,31.9,26.799999999999997,3.2,2690
889,3,1,21.4,27.7,24.549999999999997,3.9,2691
890,3,1,17.4,24.3,20.85,1.0,2692
891,3,1,15.3,21.5,18.4,3.8,2693
892,3,1,17.2,25.7,21.45,17.5,2694
893,3,1,17.0,29.1,23.05,0.0,2695
894,3,1,19.9,33.9,26.9,0.2,2696
895,3,1,20.3,29.9,25.1,0.1,2697
896,3,1,16.9,23.1,20.0,5.1,2698
897,3,1,15.3,19.7,17.5,3.4,2699
898,3,1,15.8,20.1,17.950000000000003,3.0,2700
899,3,1,17.2,21.4,19.299999999999997,7.4,2701
900,3,1,18.3,28.7,23.5,11.2,2702
901,3,2,25.0,28.01,26.505000000000003,0.0,2703
